objectid,name,country,nat_leg_te,leg_rec,area_ha,gfwid,globalid,shape_Length,shape_Area
1,Takuari,Brazil,Indigenous Reserve,Y,0,3d210f94-baf0-479a-8ccb-989289119df4,{BBC882D2-AF45-4904-9ACB-1C2600F4A486},27632.9145387072,26553507.5796062
2,Acapuri de Cima,Brazil,Indigenous Territory,Y,19885.0378,9f5bf652-8585-4e42-869b-78acba5b1d76,{E8B91F91-4841-4E55-ADE1-BE60217193CF},57880.4998231087,200468142.859497
3,Acimp,Brazil,Indigenous Territory,Y,40686.034,7ef534bf-e525-417e-b384-cb0a8b943856,{6CBD0884-0B46-45F9-AB75-EBB564A96AF1},110839.064173518,416577139.475427
4,-gua Preta/Inari,Brazil,Indigenous Territory,Y,139763.6705,23ccf4a6-2d50-4bdb-b28d-95ee32b200b8,{1844CD30-4F44-4E26-BD89-654E987C4825},290215.676747697,1430571930.538
5,-guas Belas,Brazil,Indigenous Territory,Y,1189.0649,d8009aa5-161c-4373-b915-74c42ec35157,{3C448091-699A-40EE-816C-D597E00A89EA},18751.6784465596,13217148.9706284
6,Aconp,Brazil,Indigenous Reserve,Y,267.7862,03fe9706-4156-4d86-8dfc-e052fbc1dc08,{E47A035E-8B01-4E7B-8C58-D21105917712},12589.9373023863,2777966.78039202
7,Aldeia Kondß,Brazil,Indigenous Reserve,Y,2300,66ec000e-e605-47b7-bcc8-61e8b7d5b0aa,{8ADCD528-10D8-4965-8F0D-D5E50194D9AB},25560.6054777589,29457264.5968227
8,Aldeia Limpo Verde,Brazil,Indigenous Reserve,Y,668.0796,40ca8eea-aa3e-4b98-8f0a-22c0be045b80,{626A7CB5-FB56-48EE-BF6B-6952023706E1},14189.9880817155,8164188.79233361
9,Aldeia Velha,Brazil,Indigenous Territory,Y,2001,a4af221e-6877-4c47-ac2c-fb7260825037,{164728CC-5CE9-4FD9-BB29-1384B889E0AB},24925.6146288989,21902090.9573126
10,Alto Rio Guamß,Brazil,Indigenous Territory,Y,279897.7,21c36bdf-2cbd-40e4-b126-beba9db388cb,{8481575E-AB09-432C-84EC-496B0B697C8A},370806.796037642,2846296300.10675
11,Alto Rio Negro,Brazil,Indigenous Territory,Y,7999381.1683,20bfa3dc-8226-4f9c-a5c6-c390159ba65e,{763B7E3A-74D5-4B3B-B966-2F68C1E9B882},1913273.23324985,80598046246.3128
12,Alto Rio Purus,Brazil,Indigenous Territory,Y,263129.8062,2dee5e10-205b-4b67-9d21-4707963973c5,{A2C1A401-0A2C-4955-B401-B97C05A2932B},394433.845352965,2705650810.25405
13,Alto Sepatini,Brazil,Indigenous Territory,Y,26095.6979,7dc2c806-38ce-4e55-9725-75b9fa4678aa,{E5232AD0-F9A1-441E-B216-5082E107E558},97398.2631929185,267494978.172729
14,Alto Tarauacß,Brazil,Indigenous Territory,Y,142619.1069,6f4415b3-b8f2-48d8-97b2-6315cf87ab34,{ABF90464-1D54-412F-B1BD-A7BBF79BDFD2},243169.119507597,1473797243.07853
15,Alto Turiatu,Brazil,Indigenous Territory,Y,530524.7417,aecd338c-830d-47d5-93f2-758880531840,{BDA688DF-F5B9-44A6-9321-67C3F93C9ABF},398937.191661598,5343454498.94262
16,Amambai,Brazil,Indigenous Territory,Y,2429.5454,7cbd4bcb-bcd6-4d49-9e1c-1e92ea4d9faa,{1990AA87-A1E3-4652-9A16-B800FEE85C6A},26058.2997883555,28808765.5750288
17,AnambT,Brazil,Indigenous Territory,Y,7882.8329,6f023af2-b17f-4867-8613-baf2241cefac,{D6B06D3D-E1BE-4704-A851-091527D812EF},42519.6461693803,86742664.7434152
18,Ananßs,Brazil,Indigenous Territory,Y,1769.422,994d4103-c258-48f7-80e6-8b3e09613221,{4F24D2DD-90A8-415E-BBD2-93F489F36CB4},34791.771524272,26421076.8274656
19,Andirß-Marau,Brazil,Indigenous Territory,Y,788528.383,9577e2f8-0454-48bd-809e-72c444dfa289,{A0F51CFC-895B-470E-8F18-E09D7DD3C8A9},486862.474022849,7992683205.28218
20,Aningal,Brazil,Indigenous Territory,Y,7627.0391,d78c9744-48d0-45c4-b76f-c426aa55f5d9,{D657BFF0-03BD-4A25-8FF0-6149F407651B},40014.3191391507,77460071.4513314
21,Anta,Brazil,Indigenous Territory,Y,3173.8226,22b921e2-b8de-42f1-9489-d574bdc80ac1,{E95820CB-B00E-43B7-AA82-BF3341B9A588},33393.3459564983,32965876.3468066
22,Apiaka/Kayabi,Brazil,Indigenous Territory,Y,109245.3822,9901e78c-8719-43aa-a31a-1516935e930a,{C434A024-4186-47B2-A675-87AA81C0CCF8},155140.605490658,1144313862.46691
23,ApinayT,Brazil,Indigenous Territory,Y,141904.2092,34c01f02-2b8e-43db-bca4-52b75eccc007,{16A18693-AFC7-4B46-95EB-71E0FC7EC441},180871.807257842,1443252919.26791
24,Apipica,Brazil,Indigenous Territory,Y,652.7562,3130a6a4-bcf3-44a3-90bc-2aaadc291660,{0F69FBB1-04E2-4241-BAD3-164D5D90F355},21960.0486012496,6587934.53473832
25,Apucarana,Brazil,Indigenous Reserve,Y,5574.945,3d2844b6-6a18-4fa8-9381-731db6e38cd6,{B9C779D0-0D05-4B00-88CE-716F1317B769},51867.9020291986,67353383.6334035
26,Apurinp do IgarapT Spo Jopo,Brazil,Indigenous Territory,Y,18232.4221,e37b68b5-65db-4c45-9f77-aad2224df6c5,{48A75764-2C8B-491D-A580-EBDC182CC6E5},88821.3651630487,185421364.889575
27,Apurinp IgarapT Tauamirim,Brazil,Indigenous Territory,Y,96456.5072,baba075f-93be-48f8-ad1d-32655689990b,{728CA53E-B628-41D8-AD3C-5E3D2310A1CF},153264.420608988,1021316377.55717
28,Apurinp Km 124 BR-317,Brazil,Indigenous Territory,Y,42197.6055,fa136f1b-b6ea-4004-a7af-5e3415a51bce,{76767F7B-9925-48BF-B168-5EFF60500AD8},107359.57562484,437010780.503047
29,Apyterewa,Brazil,Indigenous Territory,Y,773470.0313,847f1897-60f9-4fb8-ad8d-3f631e7df7ba,{16911046-F2C6-47B9-B70B-35F30F776F2D},532244.358543264,7865172561.16366
30,Aratß,Brazil,Indigenous Territory,Y,50018.3,1865d3dc-4852-4768-bb58-dad58def3522,{395DDDDD-3D5A-479C-AE7A-C313274FFF4B},132952.385081957,514841773.389759
31,Arara,Brazil,Indigenous Territory,Y,274010.024,d8e806ae-5d83-4d6d-8338-f7227cca57f2,{83B647E9-4432-4FAD-BC9B-CEE546126BDB},313171.632485423,2779007706.60552
32,Arara do Rio Branco,Brazil,Indigenous Territory,Y,114842.4748,15d30869-e7c1-480a-af98-ac28d806e638,{00E5DCA9-B29E-4BDC-A69C-44ACD7585999},186512.964422713,1188089461.82119
33,Arara do IgarapT Humaitß,Brazil,Indigenous Territory,Y,87571.6965,e210e172-a7c1-412b-b478-76f6da5b74e2,{A370F755-8195-4417-8657-48F90B0FAED1},141891.099541844,899571330.110334
34,Araribß,Brazil,Indigenous Territory,Y,1930.3369,89db7d62-a15f-4ea6-af94-6283b315aa8f,{083EC74C-A560-45E1-8678-5E0B56BCBF36},27868.4468577329,22713835.4207198
35,Arariboia,Brazil,Indigenous Territory,Y,413288.0472,fcb3c4d5-0ac2-491b-b710-7c55d389d0f5,{B35061B7-6A3E-4CA2-A096-3227D18207CA},279177.629436205,4198295472.21221
36,Arary,Brazil,Indigenous Territory,Y,40750,fb5cfeb2-8829-4089-9426-de7095872a2a,{9C7DBBD7-76CE-424E-B0A7-2526F4D09908},112958.005413687,412809181.684742
37,ArawetT IgarapT Ipixuna,Brazil,Indigenous Territory,Y,940900.8,83fd51b8-a031-4fce-bc2c-b6b5b031dc96,{DE8D980B-9FD5-4B4D-A73B-A7B51436ACF5},588713.645082748,9543183120.87097
38,Are)es,Brazil,Indigenous Territory,Y,218515,31fa32cb-5ce8-49b6-af3a-8cc0cb4eaac3,{32CBF11E-0416-492F-9B5F-405E15FB961B},317264.395400501,1932790901.94764
39,Aripuanp,Brazil,Indigenous Territory,Y,750649.265,9ed114bf-3f04-43ab-8704-b883b3cd65c9,{AEF705EC-3C28-4D7A-A0A0-1766C2EF856D},602046.296575916,7802825925.07758
40,Ariramba,Brazil,Indigenous Territory,Y,142.2979,fc2a323b-1f69-4b0d-bd73-db30f645a1d9,{3881E779-1D93-45A2-8E72-FA06CDD3E773},70505.0006543648,105521643.112045
41,Arroio-Korß,Brazil,Indigenous Territory,Y,7175.7747,bb011240-9142-47ac-a972-62fb1cd75777,{83DD0E80-A119-4690-AEBE-74F57A544090},53262.0957578755,85995186.2733964
42,Atikum,Brazil,Indigenous Territory,Y,16290.1893,ce984755-ef7d-4824-ab70-8c4ab4bbabc2,{04B029FF-CBD7-42B4-8127-F145E53D5654},53554.9452918501,167579182.268905
43,Avß-Canoeiro,Brazil,Indigenous Territory,Y,38000,d8e5ced2-dcc7-4452-b8a8-b33456f38061,{02772B8F-B14E-48FE-9D72-E23633ABA985},114832.27941413,412969296.107882
44,Avß-Guarani do Ocof,Brazil,Indigenous Reserve,Y,231.887,dc1680fe-e39f-481f-8980-f141c63c9ed0,{AE21581C-DB14-444E-BFCD-C790A32ACA53},27609.1844836578,3246241.23644355
45,Awa,Brazil,Indigenous Territory,Y,116582.9182,1e3ca4f0-9b94-4b17-ad45-d6b8b2a9c473,{B01E46AD-EF56-4427-94EB-2D4531D47EF7},209944.306659595,1181612866.39136
46,Bacurizinho,Brazil,Indigenous Territory,Y,82432.4931,ec646996-c95b-49dd-af0f-a520ca46c892,{E84CAF7E-17C3-4A30-A82B-AD7989934224},129735.749412469,840874685.235151
47,Bacurizinho,Brazil,Indigenous Territory,Y,134040,d3dedc25-c814-4e21-9fa4-c83a32c21c88,{4304787D-9F8A-453C-A1FE-40E11C2F436F},204233.524657144,1364471458.04563
48,Badjonkore,Brazil,Indigenous Territory,Y,221981.6373,586a7fa5-6600-4388-8376-2b5f496e2b91,{051BC523-BFA5-4DA2-9FB9-DB64D1D88597},297737.233190039,2289439878.51342
49,Baia do Guat=,Brazil,Indigenous Territory,Y,19164,57ba0951-6d2f-4a31-ad36-02221401f99f,{390AECA9-7539-4E6C-AD23-5908D984DD45},107661.08197956,210812974.28257
50,Bakairi,Brazil,Indigenous Territory,Y,61405.4605,cb41ea7a-91c9-4368-9447-ff9b907ce3e0,{55A69583-BE82-4319-952B-6F59A7D57AC8},159587.486580669,671244178.8558
51,Balaio,Brazil,Indigenous Territory,Y,257281.4601,953d39ba-376e-4d68-b96c-18c483cd28b9,{F7889639-1A0E-4707-B320-6ED7921F9551},271309.624736745,2587802391.34317
52,Banawß,Brazil,Indigenous Territory,Y,192659.6666,6af60728-2dd1-472e-a3c8-502d787f0cc6,{3EFEF189-07ED-42AB-BEC3-C604737FA123},273388.59342366,1965880753.4863
53,Barpo de Antonina,Brazil,Indigenous Territory,Y,3750.722,6f410d1c-dd60-4bbb-b538-99018147bd78,{66D2B2E0-DE60-4B8D-BB7F-BB627A4427C1},35491.4701965722,45014313.31517
54,Barata Livramento,Brazil,Indigenous Territory,Y,12883.2701,440a6439-78e4-4cda-8106-256800609862,{AAE2DB88-3A11-44F1-B621-68D3551B5E11},60810.3055666545,130079306.391521
55,Barra,Brazil,Indigenous Reserve,Y,62,d5f7e6aa-cefb-45cf-8860-21d35bd728df,{F54198DA-29F9-4101-838B-039B647B4DBF},4429.6147890814,655816.864221895
56,Barra Velha,Brazil,Indigenous Territory,Y,8627.459,7adfdd53-503a-4806-ab8c-a436af6ef327,{4904FC6E-819E-499B-B3EA-9589AE84BDDF},143986.137818004,579592808.439343
57,Barra Velha,Brazil,Indigenous Territory,Y,52748,18d1b9f8-2699-4e08-a504-1657ad773adc,{09B09C20-8F81-4047-9E0F-A4D8E4DD7172},74089.5960847905,99586228.4260985
58,Barreira da Misspo,Brazil,Indigenous Territory,Y,1772.4237,17d35e40-2375-43bf-bc82-a5fa33495079,{9B63ECB1-5004-4C10-9BAA-1AB884A371FE},17318.6507641281,17924617.4822891
59,Batovi,Brazil,Indigenous Territory,Y,5158.9817,f43f2d38-1ddd-4a05-a0ff-48c106004328,{FCF7F418-F43A-4FC8-A18A-8697A3F7A4BB},46147.8365305091,53407507.8580262
60,Ba·,Brazil,Indigenous Territory,Y,1540930.1555,66c89c4d-7d89-487e-be63-1a9637710b4d,{4E4C3DDF-8B1F-404D-8640-25A8CE5C2264},706878.282431609,15743815791.5707
61,Betania,Brazil,Indigenous Territory,Y,122769.0265,fb49be03-c467-4c9b-b84e-a58ea909ed79,{57AC3C82-46E6-471B-B627-F02FD88438A3},247438.156271654,1237574628.95037
62,Boa Vista Sertpo do Promirim,Brazil,Indigenous Territory,Y,5420,fbee12d2-e42d-4e3b-81d2-113f8d100438,{3C32C771-862D-4F30-8D81-8C184FB1AABF},39348.4201437419,64596379.7070428
63,Boca do Acre,Brazil,Indigenous Territory,Y,26240.4231,0dc79b04-51e4-4258-a0f3-0c289046303b,{80EF0CC0-73B4-4299-8A66-922B7369D55C},133933.81508136,274442521.1151
64,Bom Intento,Brazil,Indigenous Territory,Y,1613.043,4d12d319-abc5-4965-8b77-309df290e450,{2151372C-6FA5-4298-BD25-7BF4233D3B69},18035.8674989679,15281596.5474002
65,Bom Jesus,Brazil,Indigenous Territory,Y,859.1271,d5dacb98-bde3-420c-8849-2bf0afd108a7,{7FEBDB27-0BBB-4149-A4A5-21D81DC1789B},13981.6043919491,8847373.30320798
66,Boqueirpo,Brazil,Indigenous Territory,Y,16354.0776,7e781a0d-9881-4c53-89b3-ac1410231ece,{C60BD7FF-A6FB-472E-A5AB-1862193BA6F6},56164.9786115122,165947702.671852
67,Brejo do Burgo,Brazil,Indigenous Territory,Y,17924.8496,6ecdbe9a-3890-4d25-ad87-fbd4fb5f6ba6,{A73D694B-D0CD-432D-B1B2-EFE3AA978215},68335.3910457439,185390862.521392
68,Buriti,Brazil,Indigenous Territory,Y,2090.1691,0e031552-1d75-4e9f-b4f3-091e43f12ead,{478C9670-E5A1-4828-ABA7-ABA0A229F666},23900.1973546451,24044326.5464099
69,Buriti,Brazil,Indigenous Territory,Y,17200,416f39e0-9d2a-4c06-b93e-25749354c9e3,{0D0186CC-D784-46D6-B31A-E5E6E50CED85},83390.1548331927,197839551.858722
70,Buritizinho,Brazil,Indigenous Territory,Y,9.7428,f77cfe91-ef6f-4a07-8de2-1d6a090feff0,{5489C5B1-D6E3-4CCB-BABF-93A46BE3B3D4},1374.78686413831,117450.436560838
71,Caarap=,Brazil,Indigenous Territory,Y,3594.4154,b71e7fb9-c244-44fe-a865-25058b1bfa64,{0F7FA36E-B568-4BF9-8736-4197D82F8ABB},27915.2664786373,42708924.5762307
72,Cabeceira do Rio Acre,Brazil,Indigenous Territory,Y,78512.5834,52dc9146-192a-4040-b566-0a87dcd7ed17,{2748E1FB-5AF0-48DB-91C0-EE5033C1F348},165074.614461612,825171178.887076
73,Cacau do Tarauaca,Brazil,Indigenous Territory,Y,28367.2948,0eda2490-abd2-46b5-827d-dc8e74f8133d,{B2D60E02-61D1-4D67-9391-F70317FE143C},83754.7518314757,293276384.560737
74,Cachoeira dos Inßcios,Brazil,Indigenous Reserve,Y,80,54c93a56-e615-4f9c-a932-3c5b4378a400,{CE942958-A404-4055-906A-0B79B2638FF2},5395.57408857928,1051371.45847804
75,Cachoeira Seca,Brazil,Indigenous Territory,Y,733688.2507,c831d145-4ea7-4224-9307-52a26026c82b,{0F1D765D-F46C-493B-A4E4-6CC6C50C466B},543783.096144457,7431530597.4233
76,Cachoeirinha,Brazil,Indigenous Reserve,Y,2658.1634,42b590ae-84a9-4df0-b5c3-eeb3f8bc26ee,{AD1BA37C-36DC-4FB5-B773-BC603A1F8F3C},23986.3833567764,31212506.8204526
77,Cachoeirinha,Brazil,Indigenous Territory,Y,36288,c5052d06-78ab-4586-a4bc-e7434f3c6f74,{0516DA01-4FD3-43F5-A6C5-2330EC8EB06D},107386.37697906,413772428.598781
78,Cacique Doble,Brazil,Indigenous Territory,Y,4426.2833,f98fb4ae-82af-4836-915e-977a33c58c40,{D1DD709B-1ADB-41CD-9188-1D3F882513D0},43120.8150619009,57140113.7933612
79,Caitara/Ilha de Spo Pedro,Brazil,Indigenous Territory,Y,4316.7768,a88c1df3-dc92-45ec-a967-b3458cd1c447,{735423A6-DFC1-4793-9CD4-D224554C8E32},25295.6590599726,39483841.9651455
80,Caieiras Velha,Brazil,Indigenous Territory,Y,2997.2533,9f99fc98-c2e9-41ea-aead-c5efb32d2245,{5A0371A3-F959-4849-8264-2D2B2F134D10},36056.0349049936,34058755.1266564
81,Tupiniquim,Brazil,Indigenous Territory,Y,14282.7968,036d3cf5-5c3b-47e3-bb82-8ba7c93f3848,{64E21D65-DDE8-44D4-9D3F-D6314B3845DD},57567.6035108777,162388519.428184
82,Caititu,Brazil,Indigenous Territory,Y,308062.6156,8ad147ec-596b-411d-b63d-fa25259bbdce,{8F99BE37-919F-4C25-83C0-2CACF2964048},360262.371691813,3176740598.97201
83,Cajueiro,Brazil,Indigenous Territory,Y,4303.8482,c4f2c336-b89c-4084-a493-bb1738977c7b,{4DBF07F0-1794-470B-9E79-24DFB2D92B7C},32369.9807480201,45169540.4595436
84,Cajuhiri Atravessado,Brazil,Indigenous Territory,Y,12500,6ec85ea5-fce4-42ee-bf0a-e0ec219d6d01,{371A82AC-5843-4164-91E8-CF993DDCC4FA},69155.1871161652,126720608.710963
85,Camadeni,Brazil,Indigenous Territory,Y,150930.5549,dfb1d564-31bc-4757-b85d-4fc7dce6985d,{C41356EE-16DC-429C-8F61-DF8831BDDC58},266751.226974925,1543115636.23772
86,Camicua,Brazil,Indigenous Territory,Y,58519.5999,072d70ef-5e21-44aa-81d4-dc4cde0d8578,{E49BC150-14CE-4ED9-A974-D9722F2F3937},143751.22347643,601262877.39089
87,Campinas/Katukina,Brazil,Indigenous Territory,Y,32623.6443,95100b9f-f298-4d6d-acc2-7dd183a35921,{FE127AA6-4C2F-4BAF-A8D0-9FAAD937F835},86425.3225094945,344233672.936319
88,Cana Brava/Guajajara,Brazil,Indigenous Territory,Y,137329.5429,4197059f-8157-4344-84d8-209e7bc00425,{A7EBD7AD-EB2A-46B0-A135-25A1FA3DC847},187857.527365088,1377650280.46322
89,Canauanim,Brazil,Indigenous Territory,Y,11182.4372,6d7335ad-27d5-4e04-ac5c-4ce2565e8c08,{CD940A26-1824-4D9D-914C-8DA86F32A07D},52315.8449675502,115554537.128155
90,Cantagalo,Brazil,Indigenous Territory,Y,283.6761,a162cc6d-ec07-46fc-b5c8-83c976ddd362,{83A58DFC-A903-4124-8B3B-4CFD74D30C8E},10272.5534755921,3812451.16461932
91,Capivari,Brazil,Indigenous Territory,Y,43.3215,df2a8c5b-1c6c-4186-a599-090f56f38954,{41887C79-6CBF-4882-BA36-50F2F3443897},4026.20867573961,584193.312490598
92,Capoto/Jarina,Brazil,Indigenous Territory,Y,634915.2256,73341d96-9d2c-4fe8-917a-86bf9208cf53,{966EBE91-673E-4965-8E0F-E492BAD4C6FD},414664.491405822,6592221506.44668
93,Caramuru/Paraguassu,Brazil,Indigenous Reserve,Y,54105,b0a428d3-f6a7-466d-9299-be11804a7169,{D94F0C5D-5393-4006-9D32-E8809DBF72E2},135067.173432922,589947644.801538
94,Carretpo I,Brazil,Indigenous Territory,Y,1666.4512,6d7776f4-e2a9-4cbb-a6ca-5385292c6cb2,{43F73302-A4AE-4BC0-AF51-B95262A7F9D4},19469.0594291335,18340427.4259974
95,Carretpo II,Brazil,Indigenous Territory,Y,77.5043,af4ae717-ba70-4b65-91bd-b6f500ad6b15,{868BEF2D-46C6-44EE-8FE1-069B56E135B9},5044.64740251629,866354.17497613
96,Carreteiro,Brazil,Indigenous Territory,Y,602.9751,e99d9a74-f126-4dad-99ac-6e19ec2d0f9c,{613BBFDB-177F-4701-A262-C6CEE8A0ECAA},11938.3214663118,7756385.43551379
97,Caru,Brazil,Indigenous Territory,Y,172667.3777,eebe8e05-d963-4d8c-8ff3-a918380a027f,{61BC2562-54A5-488F-A3D2-E194C7939A82},293032.505540511,1727225248.51858
98,Catipari/Mamoria,Brazil,Indigenous Territory,Y,115044.3509,190b8794-356b-4270-a3f2-c6c0cf09c50b,{DAF2F46A-4F9E-400B-B1AF-7DEB093B2A4D},254036.505339152,1177173411.8392
99,Cerrito,Brazil,Indigenous Territory,Y,1950.9806,a67dfe30-0a7c-456b-9d87-5a03532700ca,{C57B3AA8-E9C5-4205-B66B-A92117501071},19977.8515326121,23486238.6402686
100,Coata-Laranjal,Brazil,Indigenous Territory,Y,1153210.1124,b10e0722-04e0-4d64-a18b-4520ba750d27,{DDBB03E6-6752-4310-B7A1-F0509B90C10E},552126.352339479,11683164898.3121
101,Comboios,Brazil,Indigenous Territory,Y,2983.6511,b083f60b-1b7d-4f33-9339-9d62c0eb84fb,{BBAAF928-2DEC-4CC6-BE68-9D3ED2E73F38},52657.2366707263,43966047.908658
102,Coroa Vermelha,Brazil,Indigenous Territory,Y,2299.06,1a40280f-a26a-48a2-82bd-bcba7036b553,{8CFE6F79-92E5-4939-BC2E-BAF95EA8324B},26483.4057004103,16333906.173952
103,C=rrego Jopo Pereira,Brazil,Indigenous Territory,Y,3162.3901,fe165df1-63cd-4210-9b09-d3e7f967254c,{31DE96E2-4A97-4C1A-AFCA-F50D66A684C6},27560.2463785767,31946733.4608651
104,Cuia,Brazil,Indigenous Territory,Y,1322.3875,a66ff8fa-a5d1-4db5-8b6b-bfd248a77baa,{E76F5656-031E-4043-933B-61515956749A},16505.4289948833,13570584.9491418
105,Cuiu-Cuiu,Brazil,Indigenous Territory,Y,36450.9765,46e53780-7800-4213-995b-a47a905f7d90,{289073F0-BE9D-463A-85BF-B2ECCFCD9D05},112978.591860662,367415592.519044
106,Cunhp-Sapucaia,Brazil,Indigenous Territory,Y,471450.5393,0413c673-6b93-4faa-9fe7-0e9c4b3dd603,{39DCDCD3-7AE9-4F71-B1AE-B58151E36A5A},451091.509713685,4769420581.88477
107,Deni,Brazil,Indigenous Territory,Y,1531303.499,5e068bfb-6fac-4d99-aa31-911492e47d89,{E5EC4FC8-A16A-4FE5-AB76-F86B2EFAF968},923472.938101409,15599806941.2464
108,Diahui,Brazil,Indigenous Territory,Y,47354.603,19295fa3-b44e-4eb1-a0ba-304013a1a37b,{7F2D0BB6-625B-4481-958F-B74813AFF615},154647.952360309,486292833.954246
109,Dourados,Brazil,Indigenous Reserve,Y,3474.5957,46b89cd2-cf4e-4500-8dc8-b8a356fdf75a,{BEC15E1E-CA4D-4B35-9C34-77BEDACF4E9F},32829.1223952976,40374116.8719908
110,EnawenO-NawO,Brazil,Indigenous Territory,Y,742088.6783,611fd91d-46b2-462e-aa88-4fe009f10dd9,{B429A772-4A44-48A6-A383-B8A4D7950B92},703168.705145839,7857285179.46543
111,Entre Serras,Brazil,Indigenous Territory,Y,7550.0875,ca951271-8735-4d1f-831f-456be7ea7e03,{78E5FF93-F46B-4FD7-90A1-A80283486A4E},54885.0425795789,77978421.6138775
112,Erikpatsß,Brazil,Indigenous Territory,Y,79934.801,f809173e-8dfd-4649-bf52-7d6efd90fa25,{84855338-709F-4E2E-9BF4-0B5BA7CEF647},195620.479539567,851425887.505347
113,Escondido,Brazil,Indigenous Territory,Y,168938.468,c3763e09-f7d1-4358-94d5-ce2759c47fe9,{EC2B9C58-C900-4D9F-AE3B-FD516D639689},208880.723498811,1746724055.56628
114,Espfrito Santo,Brazil,Indigenous Territory,Y,33849.0871,972ad31f-cb09-4657-b238-7bbedf46890c,{39CB4D46-BFFA-4A8D-8B97-8ECA53E609B8},114370.844797593,341330863.9408
115,Estatpo Parecis,Brazil,Indigenous Territory,Y,2170,2497708a-169c-4e6b-9501-4947a5c024fb,{AA1F6CAF-3D0B-4E65-8E68-5F5913A9A24A},22175.8820008095,23223842.7585232
116,Estivadinho,Brazil,Indigenous Territory,Y,2031.9414,064e1b6e-70df-4541-860e-2f20713483ee,{27145A07-E0C3-473C-85DE-908F6D8772B8},19851.3483434504,21851153.8848371
117,Estrela da Paz,Brazil,Indigenous Territory,Y,12876.4893,5ad9071d-ae5e-4a84-9d43-f1080086cdb2,{E6501395-DBDC-440D-A1ED-25A7A4A932A5},53484.2229076311,126943108.056942
118,+vare I,Brazil,Indigenous Territory,Y,548177.5963,e1a9ebad-e904-4b0d-b30d-58ceeebfd8b6,{61C72196-8F17-4E5F-80DF-7BE606444068},429179.259287065,5547816941.41754
119,+vare II,Brazil,Indigenous Territory,Y,176205.7183,9a6e62ee-e262-4c0d-ab85-14c33d81c9cb,{70EEA80A-31FA-4FCB-9ADA-7C96B80BF3DA},236878.463242633,1746127017.70053
120,Faxinal,Brazil,Indigenous Territory,Y,2043.8948,f71f7ac3-4694-4a0c-bcaf-32374e3f4869,{B8915C15-F87D-4592-A2B5-8F9DA103FE7F},19503.0889755373,22919763.9169731
121,Fazenda Bahiana,Brazil,Indigenous Reserve,Y,304.56,508c5211-56d7-45bd-abdd-e290625eebc1,{76E962BE-486E-46E8-8F89-0E1249529087},7856.16428779351,3259828.30502849
122,Fazenda Canto,Brazil,Indigenous Reserve,Y,276.5494,46adcb42-d441-4682-8f02-d07d06792df4,{D0843702-8FE6-4B8F-BCBA-83C067EBEDFA},10221.4456190487,2970637.36266738
123,Tuxß de Inajß,Brazil,Indigenous Reserve,Y,140,9874053b-6499-4091-8142-0663982a634f,{EF0771C2-80F9-4904-9436-F975BEF5BE02},7138.2044259646,1445740.40279581
124,Fazenda Guarani,Brazil,Indigenous Territory,Y,3269.7126,efd83e5d-be4c-4bf2-af63-fd6ccb47a256,{13CB0688-CD00-4D80-A661-1FCF02C67080},24802.930518041,38459882.6918441
125,Figueiras,Brazil,Indigenous Territory,Y,9858.9291,35eadbd5-0564-4766-a4f8-70036768c844,{9722EDD4-B1AB-4267-A93F-05369A6762A6},44368.7646291386,106011151.983698
126,Fortaleza do Castanho,Brazil,Indigenous Territory,Y,2756.1622,2b53dbb3-d139-4157-9c3a-69967bb66929,{D9DA6B26-A2D8-4D64-91B4-54D8C716D6BF},31755.2621968863,27835406.7760585
127,Fortaleza do Patauß,Brazil,Indigenous Territory,Y,743.5829,f641fd6b-cb84-4dd7-be49-aae4312e2bae,{9D16DE08-C92B-429A-8A2E-2EEE42DF4697},11821.0740018808,7688559.96590551
128,Fulni-(,Brazil,Indigenous Reserve,Y,0,ff0d5dbe-79fe-4476-a73c-9fbfed4703e4,{F0754C5B-79A2-40FE-8B10-3A133A742B3C},43629.7427323001,118970465.21811
129,Funil,Brazil,Indigenous Territory,Y,15703.7974,ace82080-9930-4fcf-b3fc-6b442ffc32c9,{2D9E5D3E-A9DB-4252-8888-DCF7A4D2ABFB},56995.9172893375,163973448.114839
130,Galibi,Brazil,Indigenous Territory,Y,6689.1928,a82a1190-8207-4148-ad6f-eb482b4d6913,{C7B1685E-7742-4869-82F8-F56E3CE46405},36336.894946096,63626347.2374765
131,Gavipo,Brazil,Indigenous Territory,Y,8611.8548,113e70b6-ec30-44e5-a80e-e8fd1df7f59c,{CC0673CE-D2C5-439F-821C-4732162DCFB9},40876.1299039194,84858643.4200336
132,Geralda Toco Preto,Brazil,Indigenous Territory,Y,18506.2081,e44f3268-9b65-4778-bf2c-7e62442114db,{3B61F03A-A5A6-41B1-9A45-91E48572C023},55149.9283100925,187848643.447973
133,Governador,Brazil,Indigenous Territory,Y,41643.7567,cbe10865-42b8-46bb-b124-4c63acfcba28,{5F7700FF-9445-44BD-A8CF-6C8E4B230FE1},85552.8658667699,427752490.015085
134,GuaimbT,Brazil,Indigenous Territory,Y,716.9316,b98dab90-1e7a-4f91-9923-9c6cdfb61690,{DB3C9C44-DE11-4F27-9825-C7FF9780C11F},15941.9220233374,8775208.27214608
135,Guajahp,Brazil,Indigenous Territory,Y,5036.8446,a73a05e6-3f89-440c-8e18-bd74a6462ef5,{36F84506-F4BE-4D28-BECA-631F85A81724},38592.7575475376,51557129.9056005
136,Guarani Araponga,Brazil,Indigenous Territory,Y,213.2033,8bdd8bed-8c36-4bb4-822e-607c147b79f0,{A67AA139-A08A-436E-8FFD-8160B18EEBEB},7738.99483784847,2597156.63455498
137,Guarani Barra do Ouro,Brazil,Indigenous Territory,Y,2268.6045,2063f11c-3868-4dbb-b31f-e731a1f5aa5c,{8A246C4A-BDF5-4224-8D3F-77BEB9310871},46382.8502170028,30173770.8038627
138,Guarani da Barragem,Brazil,Indigenous Territory,Y,26.3,8cdac044-40a8-440d-8249-8a755dd7b84e,{7F195662-7569-474C-8718-3F60C0BFD409},2636.84537104269,368258.651942661
139,Guarani de -guas Brancas,Brazil,Indigenous Territory,Y,230,033d6ef1-9815-4a11-92ec-0243f4bed60f,{280DE3FF-107F-484A-95DC-881A3C98F694},10845.6941967253,2971245.69253177
140,Guarani de Bracui,Brazil,Indigenous Territory,Y,2127.8664,e431cd89-eb3c-4455-af4d-7f998f890b6e,{171F111D-0E6E-45FC-9A69-43D09F3D35A2},28816.3781561891,25269726.19929
141,Guarani do Aguapeu,Brazil,Indigenous Territory,Y,4372.2599,46ef5076-0832-4a75-a7f8-26774a579f04,{06A8CD49-FDE3-4ABA-AC83-7D6FEE6C59DF},39615.7717096027,52668620.3431722
142,Guarani de Aratai,Brazil,Indigenous Territory,Y,2721,dd2089ac-58e1-485d-83af-2202de11e38c,{2D32BD30-21B5-406C-9C6C-09561044EBE6},31387.5092063649,34591105.7989764
143,Guarani Votouro,Brazil,Indigenous Territory,Y,717.377,50d78dea-a9ec-4567-b2c8-3c05d329c4d7,{523429B8-E805-434E-BAF9-85EFAA39855E},18493.6819418952,9027894.54189809
144,Guarita,Brazil,Indigenous Territory,Y,23406.8684,09fed01a-d973-4823-a167-0dcc645b3838,{00C2FD29-DFB1-44B2-9449-FAB89A1AFCF5},107991.267348887,297721816.327106
145,Guasuti,Brazil,Indigenous Territory,Y,958.7993,1a36b5f8-3d2c-4a21-a5df-827c83fa58a4,{5A3167A7-2E37-4724-8A32-942B85C2CA4A},14778.1676747528,11134923.1784252
146,Guat=,Brazil,Indigenous Territory,Y,10984.7941,d798bd16-2469-4e6a-b8fc-80f4bc515ca2,{6DC8CFD6-FE38-4BB9-A9D7-092AE5AE2C4E},99570.4435645958,121666990.574584
147,Guyrarokß,Brazil,Indigenous Territory,Y,11440,ed72ce7f-c249-4303-bbd1-cdf5fe10a0d8,{EB186E01-A92E-46A0-884C-0B9A6D7C78F1},52543.8704278361,134668766.311645
148,Hi Merimp,Brazil,Indigenous Territory,Y,677840.3204,50df7baa-c7c2-4421-a0e8-48505d764373,{5619ECE1-46E4-4863-B395-F05297381078},711729.164368213,6913999510.0169
149,Ibirama,Brazil,Indigenous Territory,Y,14084.886,aa20e0f7-8e3c-4f87-a888-6225ec0266ee,{7E3CF734-F3C0-4320-8BC7-A0ED064B5576},82184.3728357862,176921449.860765
150,Ibirama-La Klpn(,Brazil,Indigenous Territory,Y,37108,a00d8fe8-4a17-4167-bccc-725575d48e3f,{5B1210C1-9D22-46A4-BFC0-ECD532EF3B70},123759.905234137,466197733.843469
151,Ibotirama,Brazil,Indigenous Reserve,Y,2019.7079,bbb1af9f-9496-4d73-9a6a-26a6632c805c,{5508D759-7E31-4459-AB26-2F3E17D0F8D4},20519.6797948304,21329582.3916251
152,Icatu,Brazil,Indigenous Territory,Y,300.9625,c33efac0-2e34-4752-b990-249fbcc6fca4,{10EB1816-B303-4F1F-9821-57F7383E773E},8675.44816841835,3703905.0501733
153,IgarapT Capana,Brazil,Indigenous Territory,Y,122555.6647,12637e4f-a636-40d0-8faf-eb2ebeb69961,{A4B31E9D-07D2-43AD-9FB8-001A44D510F0},195557.468692956,1332980177.7786
154,IgarapT do Caucho,Brazil,Indigenous Territory,Y,12317.8938,271511b7-cf57-4a4a-aa6d-1bba88047958,{AF17B365-027B-4623-84C1-1F85D58A8216},49864.81805821,124388754.350479
155,IgarapT Grande,Brazil,Indigenous Territory,Y,1539.6777,040121fd-62ee-4d94-8445-742994c45d32,{C115143D-27BA-4D0A-A1D2-6013EBD19E09},14508.4404515385,12015094.9019489
156,IgarapT Lage,Brazil,Indigenous Territory,Y,107321.1789,35682a3f-8f9f-4497-83a0-8c9830889286,{B939D5FF-C2B0-4CB8-ABBD-D50E3917F661},154867.146705699,1117277759.58005
157,IgarapT Lourdes,Brazil,Indigenous Territory,Y,185533.5768,0e2d4e27-a9e7-4e17-9895-6e2fab6742a9,{101E4D15-76CC-438C-93FC-A6A6600ECA26},258198.760737557,2042679443.32094
158,IgarapT Ribeirpo,Brazil,Indigenous Territory,Y,47863.3178,0c942b2d-b595-4e13-8a3b-713e989baf04,{098102F2-D3FA-4AE0-B348-B720A135AC36},97374.0464083524,497425079.234005
159,Ilha da Cotinga,Brazil,Indigenous Territory,Y,1701.202,3c93122a-a3e8-4124-bdf8-3b532618b263,{40C14956-D389-48D9-94F2-782D91CB1716},40952.8093445256,20916005.7932332
160,Ilha do Camalepo,Brazil,Indigenous Territory,Y,236.78,a0ceee7d-5437-4b8d-99d0-b80c37a098b0,{CAEA992C-2854-4328-8634-E930E3FEC4B8},6900.51214303243,1675749.68165768
161,Imbiriba,Brazil,Indigenous Territory,Y,408.3384,15e43cdb-9e71-4643-83c6-4392480a371d,{8A6AF0F0-4DC9-42ED-9277-FA61FBD3C7B4},12319.1823787403,4476584.56805395
162,Inauini/Teuini,Brazil,Indigenous Territory,Y,468996.3,58a25f3b-9260-484a-86e7-7624d52c5a01,{13EBBBE8-40EB-4336-BA45-08958AA30A43},455461.924442106,4804779466.2956
163,Inawebohona,Brazil,Indigenous Territory,Y,377113.5744,6a31ffbb-1f16-4765-9f35-7f69ab6916ec,{600D5BEB-4A60-4105-9B18-7B9EBFA62722},430635.733836959,3933374409.17905
164,Inhacorß,Brazil,Indigenous Territory,Y,2843.3796,ede8e068-7fd5-4a05-81b1-9034d9b350b6,{921BF112-BADA-48DF-85F2-28A50B4720FC},28620.3061328647,36429239.4943634
165,Ipixuna,Brazil,Indigenous Territory,Y,215362.1079,31790a35-345e-4d84-805e-9966b1f731cc,{0B1E4648-4DB8-4CD7-96A5-80790DE98712},278049.585266869,2197971261.93693
166,Irantxe,Brazil,Indigenous Territory,Y,45555.95,bd0c98aa-963d-4e89-b690-09fc500c7a35,{76416BDE-18C1-4298-902D-FFA0F61E196B},109835.568821312,482152590.482689
167,Manoki,Brazil,Indigenous Territory,Y,250539.8293,9031b9b1-8bb4-40bb-adfc-24670313062f,{E347ED75-809C-4FB4-AE29-5E7E21D84F43},309991.435134851,2664494778.55148
168,Irapuß,Brazil,Indigenous Territory,Y,222,409ef2b5-2c97-44f2-ba7b-30c142c44f48,{F21EBD65-9829-42CA-9157-35CF2560BEF4},9481.95048230422,3016647.48144857
169,Itaitinga,Brazil,Indigenous Territory,Y,135.8842,fad1c975-3c32-472d-a5df-08b4981f70a2,{61A6C56C-917D-4239-9442-AEC16C94A35F},6839.89884559833,1372402.16389568
170,Ita=ca,Brazil,Indigenous Territory,Y,533,60af572a-5a46-45b9-849e-325deb13c317,{9BECC2C9-EA24-4FD7-83E6-90E07113CDA9},15391.9366442021,6382463.7919963
171,Ivai,Brazil,Indigenous Territory,Y,7306.3478,9005045c-3ad1-4e27-8356-7061c6a55fbf,{26F3BC04-352E-4519-B536-1C3D1F13CD9C},42141.0816208357,88877701.5040415
172,Jabuti,Brazil,Indigenous Territory,Y,14210.6996,39eb18e6-3538-4f52-b8bc-84362225bc63,{A7EB861E-14A3-406C-BC00-8B1AC1CEF4F6},63725.698036043,143631609.839384
173,Jacamim,Brazil,Indigenous Territory,Y,193493.5694,ef36360e-da06-49db-838e-437f86670f41,{804073D1-C300-4E12-BE7A-E4F6F42C0625},241984.357795976,1946952405.09227
174,JacarT de Spo Domingos,Brazil,Indigenous Territory,Y,5032.2431,0969c0c7-1c1c-497f-b116-549b6b277ae3,{A6B6943F-C616-45E7-9938-92DE9E8880E0},29341.7111349415,51408153.8063248
175,JaguapirT,Brazil,Indigenous Territory,Y,2342.0155,cd5e46b7-e505-4c30-b0ba-d3569876710d,{9504B537-80FE-4A03-A4CA-3EDDD0D2C2B5},30135.0254035327,28493165.0657785
176,Jaguari,Brazil,Indigenous Territory,Y,404.7055,a3cb274f-e064-4d45-907b-bdff3b86a555,{CF584222-D145-41F2-ACE0-09EBB3874E1C},10497.9621463948,5254213.11709713
177,Jaminaua/Envira,Brazil,Indigenous Territory,Y,80618.1798,1626bc86-cd26-4af9-9be9-df8450b2db2f,{54556E54-2D45-4BD6-840B-AF1BDED7BDCF},147774.000285963,833730975.2867
178,Jaminawa Arara do Rio BagT,Brazil,Indigenous Territory,Y,28926.1102,37472ba3-7584-4cb7-a24d-5ab4a552c950,{8C616D56-D023-48BE-9B3A-83ED36869B44},87350.9114027363,297512882.209442
179,Jaminawa do IgarapT Preto,Brazil,Indigenous Territory,Y,25651.6167,4d0cadad-f0d3-4f68-bc17-445f8720ddb2,{8135F3AF-1C57-475B-A397-52D63E402887},85739.4476393327,263336819.349242
180,Japuira,Brazil,Indigenous Territory,Y,152509.88,0330843d-6066-4a07-a1c0-7a86ab800f86,{4ACDA958-599A-4844-9CEC-4A95FD91F144},200336.021004215,1610409174.63161
181,Jaquiri,Brazil,Indigenous Territory,Y,1819.9825,b96d5c42-8c6b-4f16-a987-2c6a3c1b6473,{FAC0FA82-DBEA-48DB-8F03-C5C27A052A92},18044.5675308105,19360678.5686347
182,Jaraguß,Brazil,Indigenous Territory,Y,1.7566,25661365-8b6f-4693-903a-14d2f86608fc,{126AB0BC-B133-40A2-9163-4F23F1DAEAA3},900.123459492204,21143.6821625059
183,Jaraguß,Brazil,Indigenous Territory,Y,0,cfab925d-88ed-47c2-9464-582bc0104fd0,{502A769E-0AD3-4897-A992-FE48CFD34F2E},21968.7050338603,6349481.19372211
184,Jarara,Brazil,Indigenous Territory,Y,479.0728,54c87572-5822-424b-becc-63a45ae199ae,{2D0D524B-3FCF-4C75-8AD2-639A90871230},11522.2473272959,5933873.33947888
185,Jarawara/Jamamadi/Kanamati,Brazil,Indigenous Territory,Y,390233.0536,86f543b0-0e09-400f-8e6a-6cc9873f5893,{17F08CC9-2777-4EFA-BB42-41CB19C0B70B},459175.742237986,3976810036.79398
186,Jarudore,Brazil,Indigenous Reserve,Y,4706,f168df09-b22b-48c5-9cd2-2e8ec41dc115,{700AFBAA-61A2-43FF-8BE0-1097B4EAA775},50828.9248440831,52001446.7289492
187,Jatuarana,Brazil,Indigenous Territory,Y,5251.7956,c2df69fe-2987-480d-b1f1-a8d26aacc1af,{CF260F5C-C854-4452-B86C-4069746F7AAE},40095.1967400993,51427353.5253185
188,Jauary,Brazil,Indigenous Territory,Y,24831,303358dc-2bb7-4b6b-bf0c-9b4012cf8efb,{8FC7347A-CA22-4EDB-B6AA-6A7ABB91C1D8},112666.07441908,250740084.14878
189,Geripanc=,Brazil,Indigenous Reserve,Y,200,e8bd91bd-3e4f-4149-9508-6d9541beadeb,{A37CD0DB-1C58-4E2C-98E7-50FDD018E6B2},6122.5368422495,2342792.11311393
190,Juininha,Brazil,Indigenous Territory,Y,70537.5203,e1b48e7b-d48c-486a-9045-e24ba026546b,{C63911D3-3680-4291-97C7-7A48CBC39A09},154251.264086228,754493174.326969
191,Juma,Brazil,Indigenous Territory,Y,38351.1496,c068ad58-78e8-479b-8406-a92c256810a1,{614D560B-610A-4FD6-B855-4DACBF09A0D4},119707.218063473,393754730.55327
192,Jumina,Brazil,Indigenous Territory,Y,41601.2713,3edafc21-1984-4ce4-a5de-82c4c9d3aded,{CF67C389-8BBB-4915-8B57-18F016B1BEA5},110456.149945849,422310921.780494
193,KadiwTu,Brazil,Indigenous Territory,Y,538535.7804,bfc9ae53-f763-482f-8cb7-5f94dde8bae4,{7F175321-A2A9-40CA-B71F-8829F404EFAA},593006.10550906,6181033608.83538
194,Kaingang de Iraf,Brazil,Indigenous Territory,Y,279.7956,864b9721-ccf8-42bb-9ad8-934da9b9e174,{76C657E9-79DB-43C7-8B63-1BB21A47F63B},10507.9301681363,3693335.24312941
195,Kambiwß,Brazil,Indigenous Territory,Y,31495.3123,be86662f-8479-4424-8823-904ba49e8f1e,{1FAE884A-EAC8-4430-83EA-4158FF145820},75116.3460225896,324455102.051322
196,Kampa do IgarapT Primavera,Brazil,Indigenous Territory,Y,21987.2303,84a73694-f455-4f47-ae88-858c69e63bfe,{2B964090-F231-4554-8EF4-6A44B1B8F19C},81025.6319020699,226066711.010995
197,Kampa do Rio Amonea,Brazil,Indigenous Territory,Y,87205.4,ba8dce8c-d8a4-4d62-a906-d7d74436e1d7,{777853B5-3E23-478A-B054-ECE83FDDD70B},150436.591103332,891366688.622873
198,Kampa e Isolados do Rio Envira,Brazil,Indigenous Territory,Y,232795.0378,fec1aa0c-9902-40af-85f2-c0f62fab680c,{13E2419D-E299-4A64-AD8F-8CBAA396D847},376491.0596704,2414033604.01822
199,Kanamari do Rio Juruß,Brazil,Indigenous Territory,Y,596433.64,2f969cb9-b03a-4630-8731-8e344f2a3c3b,{E5FEA499-9E08-4EB5-B27A-A1A968A4BD5F},581281.276130279,6145161747.01322
200,Kanela,Brazil,Indigenous Territory,Y,125212.1625,24a766a6-581d-4afd-89a7-0fa354062db3,{445C15F5-6B11-4CF0-976C-C4A184BEC666},154395.640532631,1278306484.41345
201,Kanela MemortumrT,Brazil,Indigenous Territory,Y,100221,3995f7a6-df66-4e46-bc6a-3e24dceacc99,{57CE43BC-E318-4983-9F46-A604D87A8236},385516.651367354,1021571938.81965
202,KantarurT,Brazil,Indigenous Territory,Y,1811.867,a80ef4fc-107d-47bb-bd00-d6515ea60d53,{910185D8-7338-4C68-8CAB-BEEA02F3D34D},16811.8204863372,18762333.8950312
203,Kapinawß,Brazil,Indigenous Territory,Y,12403.0917,1a76e827-ff2b-4183-bdb8-7bda63c606aa,{3B5C5A83-166E-4287-B12C-5762796186B0},56430.175045553,127711482.962032
204,Karajß de Aruanp I,Brazil,Indigenous Territory,Y,14.2569,8d81770b-7b8f-4e8b-82f7-35add3757258,{24FCF4D5-D4CA-4E43-BC27-77D6F3984247},2181.04824264527,153347.251389582
205,Karajß de Aruanp II,Brazil,Indigenous Territory,Y,893.2687,7eb9b42c-3a8a-4286-9b60-de71d4bd1d20,{FEC57FD3-D62B-48D3-85A6-FA2F57B34ACB},11986.4061747606,9629915.99090424
206,Karajß de Aruanp III,Brazil,Indigenous Territory,Y,705.1748,50d5ee5e-ad7b-4bb5-99fc-5b9d5bda0ba2,{8063C7CA-9B31-4FE5-BE5F-B1F21E783E86},14498.1786643674,7599160.54471831
207,Karajß Santana do Araguaia,Brazil,Indigenous Territory,Y,1485.6063,a0961019-e0d2-45c0-b5a7-dbbd4ebcf471,{435A2A97-1375-45BF-9C79-EACB245CC9F8},19666.5851669622,14997342.7245243
208,Karapot=,Brazil,Indigenous Reserve,Y,1242.5168,371c8571-d038-441e-8112-c0a426df45e5,{409E767A-CDE1-452C-A360-6F7AB9B65211},35521.1204497934,12881416.5274131
209,Karara(,Brazil,Indigenous Territory,Y,330837.5422,000ae567-bd1c-4c35-8368-0ed20afe7bce,{A7E79965-DD6E-458A-B795-DADA9FFF1558},304643.743724617,3346692740.76695
210,Karipuna,Brazil,Indigenous Territory,Y,152929.8599,78502b6f-9b68-4263-b12c-63ae696862a2,{14063077-B764-44FF-A6B3-C08E4D5EF704},279613.650952666,1587640585.02915
211,Kariri-Xoc=,Brazil,Indigenous Territory,Y,699.358,9f964edd-cb50-424b-ae2b-c0bceed72cf0,{34B849CB-B5A7-4C05-A55C-AB1857BD48FD},14939.1061253766,7322619.80516968
212,Kariri-Xoc=,Brazil,Indigenous Territory,Y,4694.8823,46b741a5-8d07-4efa-9d46-1a53a1dd4ca5,{5C94FF5F-5E0F-42DD-BF65-AF7DD8B04B85},42317.2662364867,48727042.826646
213,Karitiana,Brazil,Indigenous Territory,Y,89682.138,e6faf58c-1652-4333-b5a4-593b0e2e86cd,{61B85BAC-7154-4BCD-9D2D-481735B6758A},126675.510710019,927319376.211773
214,Katukina/Kaxinawß,Brazil,Indigenous Territory,Y,23474.0358,75e0670b-a81e-49b5-a02f-94123070dfe5,{3E9592FA-B9AB-4C7B-8BA9-9AE36828743E},74025.9737498554,238612282.595387
215,Kaxarari,Brazil,Indigenous Territory,Y,145889.9849,10b2a970-69b4-4882-8fa0-4a0893ba4dfc,{8DA51BBE-E92F-46C0-A487-B41EE7586F05},188419.739040645,1512581478.01058
216,Kaxinawß Ashaninka do Rio Breu,Brazil,Indigenous Territory,Y,31277.8622,13035a2d-c62e-426e-a5b5-a2a714a2db9f,{35521238-75C5-4D4A-83B7-2C6F200F7635},183390.094772438,925280373.166981
217,Kaxinawß Col(nia Vinte e Sete,Brazil,Indigenous Territory,Y,105.1664,0a3378a2-889a-4af0-acea-7baff75b9d36,{1B075412-B9E0-4637-8403-4DA698C888E9},4757.44160895117,1075713.90175172
218,Kaxinawß da Praia do Carapanp,Brazil,Indigenous Territory,Y,60698.7189,43e96739-b282-4fff-9ba0-57f648fb7c3b,{CF889539-8C2E-4AF9-A468-2429C5BE7C33},176097.870370338,623665750.507724
219,Kaxinawß do Baixo Rio Jordpo,Brazil,Indigenous Territory,Y,8726.4952,ae8c4820-1318-4d52-8ba4-bda63903ea87,{481255D2-8DDA-47DE-91D9-4F27DEA6C18C},69695.6220420236,89982243.3704399
220,Kaxinawß do Rio Humaitß,Brazil,Indigenous Territory,Y,127383.5568,106d109e-22ec-42a7-ae3e-6e2509d47e8f,{5577E534-E7BB-402A-9A28-33C69EA8A88A},218053.227738511,1330679798.07286
221,Kaxinawß do Rio Jordpo,Brazil,Indigenous Territory,Y,87293.7981,9e14b53d-6f53-4442-8625-176075c32fa8,{8B9E5E46-7087-4DFC-B1FD-930593C3EF7F},161613.555602403,323182821.496754
222,Kaxinawß Nova Olinda,Brazil,Indigenous Territory,Y,27533.3987,2c190572-5751-431d-8c85-3a27588cdcf1,{B0CF0000-88A3-4D86-9466-F57DE0050DFE},86438.3189906399,266452912.144212
223,Kaxinawß Seringal IndependOncia,Brazil,Dominial Indigenous Area,Y,11584.127,62401628-4b83-448a-926d-8e2fa2417c9c,{08A18B2F-817E-4566-A328-0633B4B715DF},58466.2852222764,119474062.675346
224,Kayabi,Brazil,Indigenous Territory,Y,1053000,ca94ad1e-4061-4c9f-868f-383cd62f34b1,{66E383CD-2055-461E-873C-48EDBBC46221},744428.744240129,10856718098.565
225,Kayap=,Brazil,Indigenous Territory,Y,3284004.9719,26ac1e69-a1bb-4da3-901e-df19cc7dcc18,{0A6A5CCF-30F3-49EC-9A9A-7DDBD839723D},992172.108803946,33686634360.5323
226,Kiriri,Brazil,Indigenous Territory,Y,12299.8736,353f17ab-8e37-4ebf-88a6-2341083a6746,{96E7735A-449D-4C54-B4FB-373A81A7A92C},41231.4376492662,128254550.983325
227,Koatinemo,Brazil,Indigenous Territory,Y,387834.2501,81aedd04-8664-405c-b5ce-a6d856f1e8d0,{B5DDCD3B-09EA-4C7B-8B6F-A370707AAB76},442733.85146013,3925836932.57236
228,Kraolandia,Brazil,Indigenous Territory,Y,302533.3971,a4af41cb-f7bd-4ecc-a900-a886b0fa3144,{8157391F-894A-407C-84A6-DB376CFD47AE},381719.011730986,3144836236.3357
229,Krenak,Brazil,Indigenous Territory,Y,4039.8241,42553e97-e527-463d-9293-cfe2bd229339,{4C7CDE87-CC66-49BD-B9FA-34F658D9F384},29117.4232729834,44747956.7939703
230,Krikati,Brazil,Indigenous Territory,Y,144775.7868,c7b5189f-ae2c-4c31-88d4-89aed76a16ae,{8F56BA26-D443-4C9B-B7B3-664477C41CD6},195897.248569713,1475833542.74202
231,Krukutu,Brazil,Indigenous Territory,Y,25.88,04b80d58-a8fb-4081-bcc4-3cfe63246775,{8EA47630-99CC-4F83-B4E6-F22CBF883532},2799.78790300294,340391.837029645
232,TenondT Porp,Brazil,Indigenous Territory,Y,15969,4144ba28-e1da-47ae-9e1d-edd8e7b456d4,{E39A8DE2-0D3A-40F9-ACFB-E2BFF73B38B9},177022.956412486,192066254.375732
233,Kulina do Medio Jurua,Brazil,Indigenous Territory,Y,730142.9969,ea82442c-7d88-4b25-984c-dcb905dc058d,{CC2AC7F1-723D-4652-B208-EB8A7211BC8F},594960.877739618,7435536889.70787
234,Kulina do Rio Envira,Brazil,Indigenous Territory,Y,84364.6082,bcab2637-233b-4f45-8cb0-1bb9999e38f7,{EE2C67C8-4737-48D0-9288-9E13FEA08CB4},229110.903826587,846943560.88677
235,Kulina IgarapT do Pau,Brazil,Indigenous Territory,Y,45590.937,904d4abe-3f53-4c64-a28d-25fc3ca5fd5f,{6126CF04-4171-4A0F-A2D0-E3111674E32D},144500.068399572,470829812.13396
236,Kumaru do Lago Ualß,Brazil,Indigenous Territory,Y,80035.8819,185f1a84-5034-4916-8db8-b53f6bf6bffe,{8D6185BF-2945-43B2-B4DC-3211C3D86E80},175735.629918017,806607966.268023
237,Kwazß do Rio Spo Pedro,Brazil,Indigenous Territory,Y,16799.8763,b550fd4d-85e9-4e53-809d-a4bc6582f644,{474F46E9-AE57-4BB0-AAD1-7044163B69AE},57656.6786981869,177198172.56116
238,Lago Aiapua,Brazil,Indigenous Territory,Y,24866.0856,83fa4266-e486-4f04-93c1-6a36fc45276b,{8E87700E-A391-4E5F-9E0D-4F440953342E},121391.921686012,242347131.418259
239,Lago Capanp,Brazil,Indigenous Territory,Y,6321.5954,fe3fb469-43ab-445a-9225-5b9550fcabcd,{A6628FC0-5C3B-43EC-A1BD-596253C90F95},48283.2243575992,64385974.793756
240,Lago do Beruri,Brazil,Indigenous Territory,Y,4080.369,825cb493-cb1f-4764-a6ba-28d44f24d685,{D54C9EE4-8B30-4F70-8B66-07FC12C5C5DB},37316.9393196191,43218618.7128555
241,Lago do Limpo,Brazil,Indigenous Territory,Y,0,52995578-ee01-4576-b76f-6e0998eb2f24,{0514A3A2-5297-4F97-AF06-BD07657F2D04},48868.9988068147,82999297.8699438
242,Lago Jauari,Brazil,Indigenous Territory,Y,12023.0844,4d33bb12-48d7-45ed-9ac1-2dbbf35ea5d5,{6D5D7E95-F61D-4F50-8EAF-2FC295B1054D},54320.6384240419,122509722.896871
243,Lagoa Comprida,Brazil,Indigenous Territory,Y,13198.2651,d0234df2-dfec-467b-8e58-9a6a668f2c62,{0F2CA41B-6E48-411E-A5BF-AF159891BA5A},49179.6655854917,134488321.69179
244,Lagoa  Encantada,Brazil,Indigenous Territory,Y,1731,d3c635d3-a12f-4705-be6c-a2da124fe209,{4F4122EF-5647-4018-A368-528B5A6BE675},20348.3411927925,17527147.4089959
245,Lagoa dos Brincos,Brazil,Indigenous Territory,Y,1845.058,a7e4696e-e0fd-4502-ac01-73f6d32c9b6c,{1C543254-9472-439F-9858-638D0C335D1D},24940.6092926917,18898677.7489363
246,Lalima,Brazil,Indigenous Territory,Y,3000.2101,fa08920b-a08a-4f22-bfd3-ae723b408042,{87035275-721E-4D76-B714-952DA98DD6EE},30565.1277133023,33683231.3787166
247,Laranjinha,Brazil,Indigenous Territory,Y,284.2412,d8563cc6-c395-40bf-ac6a-848c4d30313c,{03B329AD-8AE1-47B9-80D2-1997539B3EF6},8629.44587540949,3467136.22891803
248,Lauro SodrT,Brazil,Indigenous Territory,Y,9478.6216,ecf952c4-d3aa-4b48-b2f8-1502d3319884,{5B25D843-1085-4E6D-BBED-EA583E863C1D},55985.2096598293,96058023.977871
249,Ligeiro,Brazil,Indigenous Territory,Y,4565.7973,b6d7c4e3-9160-4f02-86b1-a5fde78ad758,{98AF229F-797B-4639-875A-B8D032C5E77C},48938.9382607443,58252870.543965
250,Jatayvari,Brazil,Indigenous Territory,Y,8800,929a174f-fe6e-4bc2-a863-be5578d94f3d,{8CC65361-3FD6-48FC-9029-73D5B4BAE858},43217.1175432264,103736457.171416
251,Limpo Verde,Brazil,Indigenous Territory,Y,5377.2754,74e3c24b-f6a8-4cb4-aee5-9a1cd9bb2cfa,{50D939FC-DB21-4EB8-92EA-5354E7643DFA},32757.0154915676,59856941.0093236
252,Macarrpo,Brazil,Indigenous Territory,Y,44267.9081,e6b8c87a-3496-4b81-bfde-e1ddd9ef3d47,{F6B7D9B9-D643-49BC-B329-2DCCDB631EFE},122391.642824915,438632058.817178
253,Mpe Maria,Brazil,Indigenous Territory,Y,62488.4516,23a8f5ad-9094-4d5a-92d8-661f286ac764,{58234489-AF6C-433E-8082-0BBF26553B18},142704.990277531,638139565.756857
254,Malacacheta,Brazil,Indigenous Territory,Y,28631.8258,11726a78-4df6-4460-8980-469e3c34042e,{8D150782-6859-4A5E-ACA7-E486FAD10AB2},92037.840019843,288004032.768431
255,Mamoadate,Brazil,Indigenous Territory,Y,313646.8663,4114bafb-79b2-4a2c-9adb-c7a7ee56c284,{106B78E7-6D8A-4865-8096-9E848CC19977},341305.793203456,3260671983.97182
256,Mangueira,Brazil,Indigenous Territory,Y,4063.741,c4ab138e-9ae5-448f-bced-f739ab2e8acb,{B2066C6F-7050-4496-9D1D-CB0AA190F271},47185.3653380566,46803515.8687733
257,Mangueirinha,Brazil,Indigenous Reserve,Y,16375,324e0b6d-635c-40ad-9e40-29db4e64aa8a,{E99325C6-421F-4F62-93E0-E56FB6E0F85C},108350.770220264,214412129.78019
258,Manoa/Pium,Brazil,Indigenous Territory,Y,43336.7308,2854a944-05b8-4b57-962c-e865e20eac09,{1D71AF76-60A4-4B3F-9598-9DA16893525D},110386.804856197,444167386.365525
259,Mapari,Brazil,Indigenous Territory,Y,157416,5b52c25f-b9a6-4133-9d46-2c45f7ce0bcb,{07C03802-DC50-44D1-95DC-AF7B331D3829},356659.707395738,1586636959.43214
260,Marap Urubaxi,Brazil,Indigenous Territory,Y,94405.0733,f3bf489c-ecfb-4eff-b585-738cda9db43a,{14D9A121-4DAC-4345-BFFC-01852C8640CD},138496.573984618,950073649.815706
261,Maraitß,Brazil,Indigenous Territory,Y,53038.0644,00410fa3-5e70-4e3f-ba9b-6022e8574e8b,{AE422A8D-360D-435C-B817-70AC38DD0A18},164514.797961924,554821210.062825
262,Maraiwatsede,Brazil,Indigenous Territory,Y,165241.2291,8b3b2772-497f-4331-b3d5-78ba6bbfa091,{107C2EAE-8E2D-459B-9087-31F3145072CD},254657.492895316,1735768228.9655
263,Marajai,Brazil,Indigenous Territory,Y,1196.3486,9589bf36-bfc0-44c0-aa3d-eb30fce78fa8,{0619396E-3622-45C0-A05E-9303572A371B},16561.8222843461,9897557.22762647
264,Maranduba,Brazil,Indigenous Territory,Y,375.1538,c815c5a5-c59e-43ed-8951-849ddda98694,{B68AA3F8-11D1-455F-834C-7A00C9A84609},14008.9824744734,3868135.68343737
265,Marechal Rondon,Brazil,Indigenous Territory,Y,98500,a7e12761-34ce-4f43-af6d-efee9b5f53d1,{61195078-8EC5-4776-B93F-EEE4EFC4A45A},218619.284252729,1071236950.30898
266,Lago do Marinheiro,Brazil,Indigenous Territory,Y,3586.2907,584798e0-d2ed-448c-a9ff-ef1e2b15fad7,{3F5EC42A-09EE-41CE-B849-BDB62777CC11},27146.1233109901,36173611.9420187
267,Marrecas,Brazil,Dominial Indigenous Area,Y,16838.5694,2b8eb113-6e2c-4681-af87-8630975d6722,{53A62111-7BA3-48BA-846A-A5021126F61C},64651.5606870398,206170521.154941
268,Massacara,Brazil,Indigenous Territory,Y,8020.0802,a08acfdf-c5c7-4b62-a1c9-40b51bc514b6,{F869302D-FFE4-4F97-88CB-256C90FEC448},35289.1158523852,83489433.357195
269,Massaco,Brazil,Indigenous Territory,Y,421895.0769,3d5ad443-b75c-4891-8bb0-8e4a13faf64a,{E64935BA-63EA-46DC-8710-9BD1485E3319},391993.630173415,4436390898.44091
270,Mata da Cafurna,Brazil,Dominial Indigenous Area,Y,117.6007,50eb748c-a0a2-4867-97e1-3ab7853f1f82,{C2835AF6-0E25-43E3-9E41-18567ACD8126},4428.47758358182,1161491.69351744
271,Mata Medonha,Brazil,Indigenous Territory,Y,549.6226,aedc9fc2-cd7c-434b-a63f-47b5349d5e2a,{5D012C4F-7636-498F-91F3-0315269ACE50},12452.0093798653,6536906.03340351
272,Matintin,Brazil,Indigenous Territory,Y,21760.7012,008829f2-56c8-428d-b8fa-bc756a3776fa,{1A599C00-D87F-4F1B-98D3-5CA517BE71D6},107647.116385822,219780617.735445
273,Mawetek,Brazil,Indigenous Territory,Y,115492.878,887ca08f-4057-41fa-b5c6-8a2dbb81b08e,{21169367-E83E-4DC3-822C-E5982257FE76},216743.587399812,1178519822.56948
274,Maxacali,Brazil,Indigenous Territory,Y,5305.6719,963d8225-1940-4445-a3e1-e174dee449c2,{FFA997CF-6879-424F-92FF-9D82A1E8DB1E},37027.0132578486,58193638.7410117
275,Mbiguatu,Brazil,Indigenous Territory,Y,59.1982,80b43ddf-d68a-4ed4-886c-ee92bcc069b3,{D0777FFE-7F31-4439-A6B5-361AC8D6717A},5127.69661216095,754691.8698887
276,MTdio Rio Negro I,Brazil,Indigenous Territory,Y,1776138.9968,9161ffa7-fe71-4af1-b240-b7a3fb9978ce,{227370F1-773D-43D0-8B21-EAACC7CD0A21},1501787.17001665,17884458060.2147
277,MTdio Rio Negro II,Brazil,Indigenous Territory,Y,316194.989,2bc5bee6-56fa-49b9-81e6-95ae6cfc826a,{DA7519B6-82B0-4873-BE93-BD596BDC4FD7},431985.77581166,3178663233.89876
278,Menkragnoti,Brazil,Indigenous Territory,Y,4914254.8206,edd8ec57-a367-409e-b9d6-bff01a076abf,{2AB5B9B8-FE5F-4B80-9455-0B4ED6C63C32},1320395.01065374,50767422496.5866
279,Menkn,Brazil,Indigenous Territory,Y,47094.8647,119d9d76-1437-47d3-82b0-52975d53a64b,{DC579578-4D6F-428D-A0F2-43B793291DCA},104505.304386943,473860419.487899
280,Menkn,Brazil,Indigenous Territory,Y,146398.7469,8582dfce-0283-4f6f-ad35-7c490ef25c2b,{5820D737-8914-4AD9-B77C-5CE079FF805F},270497.556762558,1543068220.7365
281,Meria,Brazil,Indigenous Territory,Y,585.4932,9ab52d2f-a117-4fd5-9044-4477a6933707,{49C11F5F-150A-4082-A457-672914B89FBA},11742.0902443113,5883065.57072999
282,Merure,Brazil,Indigenous Territory,Y,82301.1363,2e12e653-1305-45dd-9b17-8108623e086f,{AF474F1D-167F-4346-8B54-253CCAC4C7E7},171576.285781907,897165929.766389
283,Miguel/Josefa,Brazil,Indigenous Territory,Y,1628.8091,9289999c-66ef-452a-b587-6e252d059188,{0FC3F0E0-91E1-44C8-8524-961730D9750E},17895.257187401,16459090.1438747
284,Miratu,Brazil,Indigenous Territory,Y,13198.788,1b241d10-fef8-4fd1-8db3-8b43a83993fa,{2FA60A26-FED6-4AB3-B55B-03FC38E371A5},52093.7911254177,140516116.195243
285,Monte Caseros,Brazil,Indigenous Territory,Y,1112.4105,6516c80b-eda9-4630-830d-cb2eae797f0e,{246CEEB0-FF39-4BE5-8A28-794301B28559},21021.8647605377,14428839.4115244
286,Morro Alto,Brazil,Indigenous Territory,Y,893,f655b4e6-99e1-4160-ae87-481b287d488b,{037DB876-5ECB-4176-AA41-14CC701E4BF4},20629.8410468709,11144161.8507373
287,Morro Branco,Brazil,Indigenous Territory,Y,48.9804,682323e1-08eb-45d7-8443-7438c8f06875,{066054A3-DF6D-4627-AED8-3841402DD458},2826.06702436541,499148.122344566
288,Morro dos Cavalos,Brazil,Indigenous Territory,Y,1983.4901,9bf33395-8bae-4772-9b55-c435624ca98c,{F238B94E-3BBF-4A07-8356-6BB9CC371881},30524.6129403907,25594588.1791334
289,Moskow,Brazil,Indigenous Territory,Y,14212.9983,ae9a855e-798c-4bd4-9027-7eb80b5808bd,{A257CDB2-4275-4A7A-8D0F-7D8D450269BA},56755.2840510559,143176264.040442
290,Munduruku,Brazil,Indigenous Territory,Y,2381795.7765,587c9a75-1be8-4cc6-b901-9b46b0f49819,{2AA98AC4-D8AE-4604-913B-E54EDDF5BF91},1057755.89183482,24428631202.9702
291,Muriru,Brazil,Indigenous Territory,Y,5555.9436,5f1ab0c7-f505-4240-8aab-2b64792ae244,{9FAFB449-BA9B-4EA6-8132-3057341999CE},31276.7070755014,55955340.5402289
292,Murutinga/Tracaja,Brazil,Indigenous Territory,Y,13286,540376fd-6442-424d-bbb8-bb2e9052be3d,{6FB2DD77-11C1-4EB2-AF2D-96022A413B39},134176.689192294,134413830.984943
293,Nambikwara,Brazil,Indigenous Territory,Y,1011961.4852,626e72cb-4525-45a7-a832-a3980481e8dc,{7B66BB97-CADA-4079-A241-EB22CF8405FE},650072.909901985,10698867121.3484
294,-ande Ru Marangatu,Brazil,Indigenous Territory,Y,9317.216,4dce4853-6618-4735-a318-ecf4dc693769,{AC3C7300-E64A-4FD1-BE92-A78162300247},54027.7535840008,109336624.171786
295,Natal/Felicidade,Brazil,Indigenous Territory,Y,313.3411,244c86ef-d200-4865-8f1f-8da20f2ddfe8,{0C585DB5-2E7F-4A67-B89C-CA98E920F6F2},13435.532911168,3379926.83424471
296,Nhamundß/Mapuera,Brazil,Indigenous Territory,Y,1049520.0002,4eea0e47-23cc-442b-8513-2826927a8867,{270E2149-5CA8-4DF8-95E7-762701AEF3B5},506748.429302852,10563153634.3701
297,Nioaque,Brazil,Indigenous Territory,Y,3029.3529,f1a0de2d-d207-4ca9-b68e-90e318ebe4ac,{92C6F236-5E98-4A3A-8FDB-19A3A9FE5D4E},28504.4434997493,34115493.7632038
298,Nonoai,Brazil,Indigenous Territory,Y,19830,e9b3afb1-17ce-4f57-96ad-26e1f43e6dbe,{FC5807D5-541D-4C18-A91E-6D643E7AF9C0},119239.201649563,252599311.148139
299,Nonoai/Rio da Vßrzea,Brazil,Indigenous Territory,Y,16415.4443,92f7b653-257b-4559-80f8-f2f413741d92,{ADB2BDD6-72E1-4BD4-BE15-A947B5090B88},92791.2099972349,209120114.387233
300,Nossa Senhora de Fßtima,Brazil,Indigenous Reserve,Y,88.888,54ae0899-702f-4f85-8545-18bde0c8b9f6,{48B6D982-DA04-4AFC-A03E-55A0DA4962C7},4634.46625065402,1016844.49537367
301,Nova Esperanta do Rio Jandiatuba,Brazil,Indigenous Territory,Y,20003.928,6d059659-3770-4bb1-9ff6-ecdc88c0feac,{7787056D-ADA5-4F5D-8F0F-46B870AA3398},88134.1182518586,201196375.957442
302,Nova Jacundß,Brazil,Dominial Indigenous Area,Y,196.9043,635a016d-96ce-4f0f-acc1-45c8e26fb20c,{D28B0101-6D5A-4126-B119-8E227692D187},9214.21475867634,4061286.35228881
303,Nove de Janeiro,Brazil,Indigenous Territory,Y,228777.0999,9e29c7c7-8498-44d5-897b-9edd303cf3ee,{B540E7C3-D92B-4D08-80B3-7B50E1EDE3C1},292699.804153892,2348488397.40443
304,Nukini,Brazil,Indigenous Territory,Y,27263.5212,229667f8-3f61-4f43-bc0a-c20843859d5e,{2CDE19EE-F68C-4674-B2B8-1596D2050E63},121377.669881402,327434525.475984
305,OfayT-Xavante,Brazil,Indigenous Territory,Y,1937.625,96d6bc7d-a433-44c9-96f6-c0e0e53c306b,{A2A92755-5B1A-4E6A-9BE1-26811ED43F37},9276.64352512443,5585773.28205801
306,Ouro,Brazil,Indigenous Territory,Y,13572,4e7cb7f1-0631-4a37-983c-ed82b1cf143b,{61FF67D5-8B31-4809-BDC5-AF361CCC6B06},59674.1336604375,139449491.857537
307,Pacaas Novas,Brazil,Indigenous Territory,Y,279906.3833,40114d30-ef7e-41ff-aba7-6921ce955c75,{A804045D-363C-47B9-BADF-71CC85EA4844},323418.980562425,2944954789.89447
308,Pacheca,Brazil,Indigenous Territory,Y,1852.205,a295686d-33c4-42f7-99c3-e82e0c2d6d73,{DBD631A5-E08A-4408-BC29-36E92EB53C29},32960.2717350137,25393394.693014
309,Padre,Brazil,Indigenous Territory,Y,797.511,82e01a89-d586-4208-9076-04328d8ed6d9,{EC8B6E68-6978-40D7-A284-34F57EE59654},14172.7080537133,8056935.61814817
310,Palmas,Brazil,Indigenous Territory,Y,3800.8794,3da68029-d99e-43c3-a2d3-33d1b8796673,{8228EAAF-131A-4260-8A64-82BBEDEDCE61},35735.8734398114,47699536.2071377
311,Panambizinho,Brazil,Indigenous Territory,Y,1272.8035,8d782eb0-cbda-405e-ba1a-cb74cc354891,{4AC5AFFE-A8CD-4181-AF0D-01B99F674F09},16179.5142070507,14892077.6929959
312,Panarß,Brazil,Indigenous Territory,Y,499740.005,777392e3-6fea-49a3-86d4-31e0130b414e,{0B2AD8A5-4B60-4023-B653-2DFD02E4960A},434345.498352279,5158117357.75211
313,PankararT,Brazil,Indigenous Territory,Y,29597.3322,9c9abbfc-437a-45be-b890-d37c6e41cb52,{B0B98D2C-6734-492F-A8AB-D435FACD8682},86246.7649086825,304172121.273954
314,Pankararu,Brazil,Indigenous Territory,Y,8377.2819,91a84967-15f2-42d0-8b41-0aaa4c6e3127,{59A96811-6D46-44C4-B110-F2D54E97C576},37217.2050345665,86538184.2530655
315,Paquitamba,Brazil,Indigenous Territory,Y,17420,873c02af-6f1d-4e6d-8be3-a38b572ce28f,{AA9ED437-4D4D-4233-BDED-949961D46FC5},30826.3119845779,41799688.4540539
316,Paquitamba,Brazil,Indigenous Territory,Y,0,b7dd889c-d58b-49bd-b862-bfd7f14d6d0b,{472FD88A-903D-4FC5-985C-B6BA23EC4B52},89696.3905651967,203017647.569669
317,Paracuhuba,Brazil,Indigenous Territory,Y,927.5376,eec6fed0-7d08-4470-8b2b-995457516a00,{4C8D8FA3-80F9-4B5C-AC41-1A88DCB97726},12866.2018707,9489964.04780542
318,Parakanp,Brazil,Indigenous Territory,Y,351697.41,d4eb0135-b65a-4ab8-932e-c37a4dbd05ec,{950F7E69-B552-4542-911D-FE32F53282FA},295527.889567605,3560824236.2992
319,Paranß do Arauat=,Brazil,Indigenous Territory,Y,5915.445,3689aec9-61a8-427d-9d7b-16438b47c845,{8EF86009-7C26-412F-BFF7-CA47004FC5ED},45373.7856355289,59591693.3386032
320,Parana do Boa Boa,Brazil,Indigenous Territory,Y,240545.8478,a82b8418-c25c-48d4-a853-5e196f182264,{E3E5A679-5429-440E-8754-BE77DC97D45A},261677.090062938,2468615267.88185
321,Parana do Paricß,Brazil,Indigenous Territory,Y,7866.32,278da8c2-7a56-44f1-80ca-ef0d4ae6a783,{CD97E2CD-1A6C-4F27-97A5-D6BC904D4230},41120.0523500832,80690204.0017853
322,Parati-Mirim,Brazil,Indigenous Territory,Y,79.1997,999be118-68dc-4360-adba-6e57111308e0,{921FC4E2-05D3-417D-AA59-D762BEB88E18},4358.25382463101,1006272.44524484
323,Paresi,Brazil,Indigenous Territory,Y,563586.5345,452d0639-bbd2-4fac-ba73-f3cb91686c14,{ED7CCC3B-85A9-4DDE-97EB-3DFDB3CB75C6},411687.44730945,6024347103.19646
324,Parque do Araguaia,Brazil,Indigenous Territory,Y,1358499.4784,a58e0819-6d31-4b14-94ff-f1613ad960a7,{AF36C0F1-B784-4D87-8A88-2B2A0F169940},919714.157827296,14264896629.2294
325,Parque do Aripuanp,Brazil,Indigenous Territory,Y,1603245.9806,697c5ef1-f519-4cab-8cba-5e14bcd35b6f,{E9713D29-4BD9-4BD0-B5C0-F82105EA574E},906738.522553635,16782360609.8808
326,Parque do Tumucumaque,Brazil,Indigenous Territory,Y,3071067.8764,36cbe4d4-44bf-4e6d-ba94-573ba7ed83ec,{77C8BA03-DDDE-4AAB-BE04-3C1915156A3F},1014888.77478993,30945583909.7662
327,Parque do Xingu,Brazil,Indigenous Territory,Y,2642003.9374,14014018-4d3f-4ccb-8514-783bdd8601fa,{3CB88FF1-AC17-4E8D-8A45-78AB487500B9},953484.543051036,27802657422.3446
328,Patauß,Brazil,Indigenous Territory,Y,615.885,5d643cfc-e16c-43a1-b95c-1a2ab1238553,{07946E57-6B95-40B9-87D9-8F293A45E512},12962.7955889159,6216933.99488253
329,Pau Brasil,Brazil,Indigenous Territory,Y,1579,64eb39d1-3f13-4d00-8a3d-302fa8be2118,{ABEC9919-B926-4C5B-B8ED-C64A357FDD21},21814.7441635739,17959502.6121025
330,Paukalirajausu,Brazil,Indigenous Territory,Y,8400,fa559f32-14dc-439a-adaf-7b8c6d89a1c6,{51273EDD-1D1F-4AA6-B86C-D785A30CB3E8},137395.930041574,725852915.950452
331,Paumari do Cuniua,Brazil,Indigenous Territory,Y,42828.0481,daad87b4-6f70-435c-ad3b-0fe46d2d4251,{28BAB608-4462-440C-BE85-AE615EEED052},187351.002694052,435809178.283925
332,Paumari do Lago Manissup,Brazil,Indigenous Territory,Y,22970.0651,08ba8dd8-e656-4bfb-92f1-08f91cd5cd67,{102964AB-0A02-4ED8-8084-E4D9A3F1332A},90395.178673271,233612439.435519
333,Paumari do Lago Marahp,Brazil,Indigenous Territory,Y,118766.8862,79a90743-f3c3-416d-a3ef-e82ccf5f5df6,{1988B564-64EF-4ADD-B9DB-8910C8A184FC},242255.747187668,1215945685.48906
334,Paumari do Lago Paricß,Brazil,Indigenous Territory,Y,15792.112,b98daf86-30c3-4edb-9ffe-bfa30b4717db,{957775A5-5ED3-4BA2-AB3E-4E9C1E63FF23},54520.0995979142,160695827.680881
335,Paumari do Rio Ituxi,Brazil,Indigenous Territory,Y,7572.412,640a4086-2a7f-478e-9170-993bb06d6d34,{F2F63E02-F440-4134-942C-173FE4EC044B},43742.3307820693,77461847.0115335
336,Peneri/Tacaquiri,Brazil,Indigenous Territory,Y,189870.9641,1f610176-c1f7-44c1-9bc0-f1eb6bec84c2,{4328D941-6CC5-43E9-8D80-155838575485},282296.759651173,1949678358.50751
337,Pequizal,Brazil,Indigenous Territory,Y,9886.8211,9a975ad2-6668-4efb-a77a-33dae3c7ac9a,{52432219-880C-4DB4-A27A-4933442B6618},60952.920642634,104876937.310803
338,Perigara,Brazil,Indigenous Territory,Y,10740.4115,4e06ddcf-8ec3-4773-a566-04eef1450cf2,{EE2B93EE-ECDA-4825-B913-F268CDED222B},64683.2795584187,118664922.074949
339,Perufbe,Brazil,Indigenous Territory,Y,480.4737,713cae15-f801-4f6e-8d40-84b920bd9f37,{BCCF8A8F-B146-42E4-9888-ADB2882F7AE9},10112.3952023839,5800054.83801693
340,Piataguera,Brazil,Indigenous Territory,Y,2795,e0eb7d43-c2dd-486c-adde-151fbff12d0c,{CC432B8F-1986-4C9B-87F5-E3AF78C2BF97},41138.1176252965,33760937.781772
341,Pilad Rebuß,Brazil,Indigenous Territory,Y,208.3702,24635306-644e-40d4-8d80-877ffc6599b3,{AD4FCBF0-1998-4AA1-B74B-FE795C48BFD0},9021.30970066885,2473816.40481334
342,Pimentel Barbosa,Brazil,Indigenous Territory,Y,328966.444,1fce3e8d-c505-462d-9f8d-606d677e76a4,{FC740E19-1F8C-4D72-8736-45A11C985F1E},360815.743734493,3483345236.27562
343,Pinatuba,Brazil,Indigenous Territory,Y,29564.9382,f43a0bc3-27d9-4a24-9d72-adbe2443870c,{2B7E22E3-4BDD-4BD3-A3AE-00EA94ADB61D},116866.536152823,301385948.33271
344,Pinhal,Brazil,Indigenous Territory,Y,880.0761,5c507727-0a67-4e9a-9da3-69ce6350367d,{82135D4B-F0D9-44A5-BF49-66E985F256C4},19677.1907743544,11242500.3579481
345,Toldo Pinhal,Brazil,Indigenous Territory,Y,4846,450c053d-27a2-46fa-a734-e5e7e1be984e,{D69A95FA-6F32-4B0E-A041-2C6B4548EEFC},54427.2171286012,61486989.9915484
346,Pinhalzinho,Brazil,Indigenous Reserve,Y,593.372,c1e7b6b5-b666-48f2-9d69-2537d1bf57d7,{F00DFB77-B8B2-4D34-995D-0946CA798AF8},13013.2645198104,7137057.45751397
347,Pirahp,Brazil,Indigenous Territory,Y,346910.5673,11b3d626-c77d-4494-9fa6-c9873dc0ad5a,{471E6E09-7427-425F-9A29-9B1FE0E486C3},439764.596756927,3546979096.03022
348,Pirai,Brazil,Indigenous Territory,Y,3017,5f708062-708e-4884-b6d1-b444eebaa02c,{D9BCFDFF-7377-4DE5-B511-C05432EB19E8},39539.2576553025,37799790.7451288
349,Pirajuf,Brazil,Indigenous Territory,Y,2118.2325,14b59983-9b9e-4a56-8be0-4e6a5d3e1c16,{C192B007-AAB8-440E-873F-B857977667C8},20934.2873730361,24099085.2165079
350,Pirakua,Brazil,Indigenous Territory,Y,2384.0554,786d3782-6f7d-428a-8af4-9849e850dac3,{991C48D3-2DA6-4C7A-9DFD-260DED35E77E},26529.4965705987,27589376.2702694
351,Pirineus de Souza,Brazil,Indigenous Territory,Y,28212.2716,1d5866d7-6086-4d79-8a0c-8cee722b0332,{5152872C-8D43-43ED-AA16-2DCD47CCDDD2},93515.8112508447,300884433.727701
352,Pitaguary,Brazil,Indigenous Territory,Y,1727.8686,9b7030f0-1660-4cc1-b356-3e51b0f9352d,{3AA9C112-BC22-45B1-951C-5A87EA1524C1},24765.2555337584,17488189.7239787
353,Pium,Brazil,Indigenous Territory,Y,4607.6137,a28c1d76-2234-45d6-8ea1-a6c7ccfe7160,{DDC38B92-5043-4CC2-97EC-694301DE0CA4},28817.3644666635,46086321.6078447
354,Ponta da Serra,Brazil,Indigenous Territory,Y,15597,ae079bee-9cab-44fc-956a-fa241ea3d290,{4AB6E2B7-39D3-4357-92E1-13B5DE986E4E},64755.8126251746,157177406.626642
355,Ponte de Pedra,Brazil,Indigenous Territory,Y,17000,d8c00cf9-1edd-4cd7-80f7-30753314a5c0,{A3A79811-28E1-4D40-9249-3488043027E6},75230.4525648093,180605836.266201
356,Porquinhos,Brazil,Indigenous Territory,Y,79520,ab328d6e-8b08-4855-a88c-94585fa22b91,{1F2C3573-B773-4E5E-B53E-53CF0F60813D},111232.154635375,808435718.116922
357,Porquinhos dos Canela-Appnjekra,Brazil,Indigenous Territory,Y,301000,cc8b39d9-7ada-4979-b48d-a3bff237c120,{8B642052-51A9-4058-A064-86E09638D8A5},256392.382499434,3068253876.18546
358,Porto Lindo,Brazil,Indigenous Territory,Y,1648.8899,cd8f983b-eb7d-4a8d-ac6c-80c5d9453ac6,{B42926F3-62AB-4918-8E7D-4E63F494DFA3},20181.8093486918,20041910.321238
359,Yvy-katu,Brazil,Indigenous Territory,Y,9494.1636,e05720ef-1b38-4d15-815a-352de68be39e,{D2C5C862-6921-4542-B4B4-2CA4D2ACBD12},58348.3852996395,113783871.151774
360,Porto Praia,Brazil,Indigenous Territory,Y,4769.8617,669d8fd6-90e5-4ee6-900f-40b224427a9a,{12ABF0D5-8A4B-4630-B01B-8364FF0A2141},31894.1284885898,48110308.172051
361,Potiguara,Brazil,Indigenous Territory,Y,21238.4898,e831f5ef-23f2-452f-a209-493af4c3807c,{377BB69C-0517-40C3-AFA5-8B8C44D69663},70009.158757485,217236534.186877
362,Potiguara de Monte-Mor,Brazil,Indigenous Territory,Y,7530.5969,b012d63f-3e51-4c00-a80c-96727dce0cce,{35C7D5A3-1925-42ED-B1E1-74B9E62B410C},53726.4816694047,77870681.0432563
363,Potrero Guatu,Brazil,Indigenous Territory,Y,4025,13d59e4b-e953-4f0f-b73f-9ce2505bc6e5,{EDF9D840-7519-469C-9F36-824F6B0DDD47},31001.3786390604,48417653.0874164
364,Poyanawa,Brazil,Indigenous Territory,Y,24499.0885,7b64b961-5850-4c92-a2f4-740306246605,{66ADFCEA-F9C5-42C2-B75F-DB27DA06FF95},106259.312182407,250858390.033275
365,Praia do -ndio,Brazil,Indigenous Reserve,Y,31.5019,7a98899d-cd98-45fd-93ce-cf7dcd80b09d,{42F62B4E-A50E-4207-8A10-92632FA903AE},3278.24666054663,319048.383377328
366,Praia do Mangue,Brazil,Indigenous Reserve,Y,31.8449,6211ab60-541f-4725-a5f2-ae19fa83f4a6,{84021E8E-47C6-4D5D-8626-AA84EE0E69C7},3044.7537871771,322540.704143956
367,Queimadas,Brazil,Indigenous Territory,Y,3077.7602,df82cf95-d79d-4ad8-a961-fd79632e25c3,{DB9DFA30-5C72-4240-9E80-F6F8BCFAD220},31390.6104311656,36099764.4020257
368,Quixaba - Fazenda Pedrosa,Brazil,Indigenous Reserve,Y,28.1658,f45e2287-7a22-406f-9ab8-224a8d83e866,{4B2A907E-B109-4C8B-B9BB-B9F6A64039DC},39208.3629183103,122198831.158301
369,Raimundpo,Brazil,Indigenous Territory,Y,4276.8088,56f14889-3472-4cd9-890e-c21bc54e912b,{CA8DA8E5-E26F-4EB0-827E-4577B55BA375},27740.723228456,43165329.1189349
370,Rancho JacarT,Brazil,Indigenous Territory,Y,777.5349,077772fd-db8a-4844-a33e-d6e66a892baf,{43172876-8625-4D68-AF14-EE638310EFA6},15303.3739133185,9214326.500005
371,Raposa Serra do Sol,Brazil,Indigenous Territory,Y,1747464.7832,2d15eb1c-d637-439d-8e13-8f9c4509335c,{E12B74E3-E9F7-4F99-934E-6E4843B407E3},983448.922258405,17666493601.8869
372,Recreio/Spo FTlix,Brazil,Indigenous Territory,Y,251.051,f702704b-3013-4bdb-b402-adfb99e7cdfc,{697507A9-6A06-4BCD-8851-786E37185ABB},6880.69916098958,2413363.10017927
373,Ribeirpo Silveira,Brazil,Indigenous Territory,Y,8468.9333,38397b51-b80b-4a91-8546-8c6de446077c,{C42E7382-F0BE-494E-9E76-4A765F3E425A},50334.6098685343,101554973.752385
374,Rio Apaporis,Brazil,Indigenous Territory,Y,106960.3377,3476c3de-f5e0-4afb-9c5e-b51ca30b007a,{26123304-22B1-4FC3-94B8-3A9CE425ADC8},171057.608131512,1078095647.29745
375,Rio Areia,Brazil,Indigenous Territory,Y,1352.3784,d0983383-d20d-4ed9-9a9c-7f22251ed18c,{110A8B8E-AADD-4969-8FF8-BA689B7B93F6},23078.179806586,16756418.0954164
376,Rio Biß,Brazil,Indigenous Territory,Y,1185791.71,61a1ac1f-fd75-4a23-b3b1-61d7bf637dec,{427409FF-50E6-40F1-8F38-4B2F588CA573},765645.476570229,12020790081.4195
377,Rio Branco,Brazil,Indigenous Territory,Y,236137.11,758a77e7-1d9a-4e96-b2b3-8592efb86a4d,{9C1DF129-6E14-4552-8EB8-ABB4D44DC439},205694.839106666,2488001026.00239
378,Rio Branco ItanhaTm,Brazil,Indigenous Territory,Y,2856.1,b1f90300-465c-42bc-9822-bc9e9ce1b445,{08D64050-2D7F-49BB-936F-24087E913C5C},32570.7335234477,34520759.4390101
379,Kurußya,Brazil,Indigenous Territory,Y,166784.2496,f784f7a3-b88a-483c-9ebb-28c497e9df92,{071503D8-CEEE-4F2A-A142-5264E6043911},234750.83681795,1694163008.81002
380,Rio das Cobras,Brazil,Indigenous Territory,Y,18681.9806,5f5c9f40-1436-400a-acc9-0f8af0d341a5,{549E7CBB-31A6-4DCB-9175-642FA83B526E},121983.032680253,229678041.693806
381,Rio dos -ndios,Brazil,Indigenous Territory,Y,711.7018,da2d4387-b346-4fdc-8ff7-164a8fc05c8a,{37D95FE4-803C-4909-86D2-D66221902903},14672.5988521053,9103698.70421947
382,Rio dos Pardos,Brazil,Indigenous Territory,Y,758.2614,37b7332f-79f6-4b35-b99f-c24af1b452f8,{24BF6022-BC66-4DF2-B8A6-A45E317B85D8},14376.9624264562,9508020.80144712
383,Rio Formoso,Brazil,Indigenous Territory,Y,19749.4741,faed658f-3288-4f19-89d1-a4bddcaf025c,{487048B0-DCB6-4521-89F3-EB2B3FA2E66F},85829.7720981154,215618081.900818
384,Rio Greg=rio,Brazil,Indigenous Territory,Y,187125.2158,0dc9a588-5cd0-48c7-95da-af09db103ff8,{A824B92D-A497-4A7E-9BCC-BBD3E4A8A5CC},156381.35272152,955472789.010461
385,Rio Greg=rio,Brazil,Indigenous Territory,Y,187125.2158,90af75f6-f12e-48eb-9b51-92e73dc0c986,{99313979-4F7D-4468-8E38-2EED5B0C74EB},242002.475967458,1924031014.43399
386,Rio GuaporT,Brazil,Indigenous Territory,Y,115788.0842,0bd3d8ad-256a-48f4-8ba1-b7fb5ca990b5,{863C7A61-B768-4C8F-8ACB-7CF8B3D7A20F},231604.281581274,1219159869.68078
387,Rio Jumas,Brazil,Indigenous Territory,Y,9462.6983,54bf26fd-3894-4cbf-983f-e61271271a31,{008222CD-72B6-4D13-B655-CC9F419284BA},75291.7881616059,95833674.0425154
388,Rio ManicorT,Brazil,Indigenous Territory,Y,19481,38e77150-a727-4518-934b-5451e5f0895b,{3E423737-D195-40FF-A770-3A0E11CADFAC},75478.725273703,196897018.484297
389,Rio Mequens,Brazil,Indigenous Territory,Y,107553.0101,7c489873-e72c-4343-b432-d1963c18ab62,{2AAD8821-C044-4272-8D8B-9C5102DD63F2},149560.800116856,1138717076.76457
390,Rio Negro Ocaia,Brazil,Indigenous Territory,Y,104063,a0217d56-46c7-42cf-b566-edb45ba9daa7,{8802BF52-E07B-45C3-B608-9301F34321E2},162311.711205235,1097372353.04331
391,Rio Negro Ocaia,Brazil,Indigenous Territory,Y,235070,daef303b-92f4-453f-aa56-5d729b39b4a2,{36719AB1-5BB1-40C4-8184-771FC70A824A},305424.889181847,2456080359.3158
392,Rio OmerO,Brazil,Indigenous Territory,Y,26177.1864,9e3f74a1-1f90-49f8-a4e2-4c3a7c118b8a,{CB784858-FBC8-4810-AA93-50CD0FC21F5B},83017.0142446357,276780275.58471
393,Rio Paru DEste,Brazil,Indigenous Territory,Y,1195785.7917,22f97113-7b3f-405a-85dc-2145c1286f4f,{AF79C6CD-DFDA-4995-B2DD-CC929E8D02BA},626382.623507294,12026469672.7378
394,Rio PindarT,Brazil,Indigenous Territory,Y,15002.9142,a1bf2028-37d5-4719-a5e8-f2af3def50ac,{E1D9D877-A1B1-4C8E-B245-07AE20CCC754},131959.326327593,154300685.905542
395,Rio TTa,Brazil,Indigenous Territory,Y,411865.3207,3eb36ae7-3a9b-4bd6-8f9c-69aea6fe21e0,{CCB3915B-0871-4584-A22B-11247C03508A},630663.20762004,4139686960.74248
396,Rio Urubu,Brazil,Indigenous Territory,Y,27354.9118,4ce82595-2475-49ad-9d04-656fc63cd211,{DEC08CD7-B482-4FA8-B39F-EE5B3A448AF4},134893.570858151,278258267.631545
397,Rodeador,Brazil,Dominial Indigenous Area,Y,2319.4531,cb6c289b-4c40-40d9-a5af-a4a67a0e046a,{1AA169B3-3585-4E01-8C2B-F235A5A1F776},20002.6389712246,23627443.0322868
398,Roosevelt,Brazil,Indigenous Territory,Y,230826.3008,8b70ee23-5e1b-4dbe-9990-d848aa60ad6c,{462DFAE3-4501-4D9D-84C0-AECB4566F11F},377403.517287531,2400411558.84484
399,Sagarana,Brazil,Indigenous Territory,Y,18120.0636,b762acac-1e6a-40ef-aa53-5f929af84f87,{FEFDF826-8D94-40E2-AF85-09E9F13455DD},95376.420009086,191126959.65389
400,Sai-Cinza,Brazil,Indigenous Territory,Y,125552.08,13c2c63c-a6b1-442b-b9f6-893534cfab7d,{5B719D42-143E-4F9D-B05B-14AFF6B01CD0},266476.387561082,1273891234.7837
401,Salto Grande do Jacuf,Brazil,Indigenous Territory,Y,234.9641,780c0914-c7b2-4242-887e-7fb260c51e74,{0780D515-C990-4B4A-9B86-F2F04BB49091},8314.26698848215,3084962.41519538
402,Sangradouro/Volta Grande,Brazil,Indigenous Territory,Y,100280.3969,65bfb91f-f0e4-4769-bea1-bfe6df7de30a,{8B3D28D8-4ABE-49A1-B079-72897C315AF9},221131.457297162,1109196221.99455
403,Santa Inez,Brazil,Indigenous Territory,Y,29698.0449,00a11ab3-7576-413f-a581-6ff1b7f2afc8,{9C88AFED-D690-48C2-8CB3-EB4D7B422075},81344.3947414823,305161958.716959
404,Santana,Brazil,Indigenous Territory,Y,35470.7543,e656c8d1-decb-4358-9e2c-2e5455b59186,{BBB2F7DF-D763-40D9-BBE5-D5C2985947DD},111820.729615798,383584136.039272
405,Spo Francisco do Canimari,Brazil,Indigenous Territory,Y,3331.2208,8aebf368-b39b-4e64-aec0-8970ef5a49f9,{B4532831-7D68-4CE8-B4A1-828ECD7FDD2B},18627.6484816831,14826423.4127565
406,Spo Jeronimo,Brazil,Indigenous Territory,Y,1339.3364,7ead92f0-4a41-4e42-a921-4f47dd78c87c,{843F6D59-06E7-4853-BED2-F27BE6069D44},18371.6895390214,16244104.575914
407,Spo Leopoldo,Brazil,Indigenous Territory,Y,69270.5409,474ea640-21d6-4260-b12d-214247540d1e,{FEB00857-3DC1-4EDF-811C-8D3A28826FCE},161188.496950089,733480729.961252
408,Spo Pedro,Brazil,Indigenous Territory,Y,726.1805,ac2b465f-4a67-4a69-afa9-c37ceaa0b982,{CF052903-A0A6-4F49-9785-43F3F3349FBD},20218.0219756928,6221730.26278869
409,Spo Pedro do Sepatini,Brazil,Indigenous Territory,Y,27644.2488,a11cf2b8-5d47-4e3b-9536-eed527da30e8,{CF0550CF-41A9-47ED-8ADC-2BFFB5BD5CE1},111585.921935929,283125228.385719
410,Spo Sebastipo,Brazil,Indigenous Territory,Y,61058.5408,291bdf0e-ae9f-4b92-8791-2b5097dfa414,{511EE761-0D66-4E7C-9B2A-395B80B91B75},167189.747808316,606832122.390601
411,SararT,Brazil,Indigenous Territory,Y,67419.5158,6eb8a20a-55f1-44d2-94bf-f1ea68404f37,{C721F736-C689-4D94-AE4F-B33A3D9887AE},63320.1475133019,90359893.4233691
412,Sassor=,Brazil,Indigenous Reserve,Y,1922.6435,d4c8e4e1-ce8a-4594-af64-2a4876948da9,{E5019F36-F24D-40F2-8FA1-674D5CCCC23C},21735.9404349203,22561389.0425905
413,Sepoti,Brazil,Indigenous Territory,Y,251348.9835,1d9fa496-d4ac-4a15-86b0-7923009af6fc,{D4CFAA90-8FFD-4363-BDA6-4D0FBB614A0B},7757.22821807665,2955290.56186793
414,Serra da Mota,Brazil,Indigenous Territory,Y,11626.7912,dbc2cf61-aa31-44b1-893d-af7b5b7c42ff,{FE18FBDF-CCF3-4368-9B69-E7D7865F402B},50287.4504009959,114724087.310724
415,Serra do Itatins,Brazil,Indigenous Territory,Y,1212.47,46d52b39-3cf5-458b-a026-aef8839be242,{F7BBFA48-7F16-4FCC-86C0-C173FB6D9B87},22110.3071266418,14683779.7401757
416,Serra Morena,Brazil,Indigenous Territory,Y,147836.1461,44aa240f-dd24-4cd6-934d-e18cfd99b964,{9AC1BB85-B27F-4231-B0BB-36B985B070E5},204736.780505521,1542912212.01351
417,Serrinha,Brazil,Indigenous Territory,Y,11752.7578,976f41fa-b29a-4dc4-8b0d-6161e0354b98,{A3DE660A-9500-4BD7-BCE6-9CBA217A234F},91843.7532397428,150398882.053799
418,Seruini/Mariene,Brazil,Indigenous Territory,Y,144971.3671,efca113c-3f86-4bf2-a418-316e40fa5679,{3465CC8A-C241-450C-85D4-CE267A899D60},201230.779694384,1488245367.73316
419,Sete Cerros,Brazil,Indigenous Territory,Y,8584.7213,579dc437-0b84-48b7-9864-538501e3dda4,{A972E30C-FF7E-4088-84D6-2293E9B93CC7},61423.7477193696,105208344.101609
420,Sete de Setembro,Brazil,Indigenous Territory,Y,248146.9286,36be0713-ba22-46cb-8e5e-0dddf39298dd,{E5B394B1-C807-42B2-BD92-A7332F1F9BD1},209597.394900284,2599588790.13357
421,Setemp,Brazil,Indigenous Territory,Y,49430,44033f29-f37e-4f2c-9c06-c4450d0ed04c,{0476D34F-4B87-4295-B8A2-15B03B5842A7},125900.793929952,499593629.299113
422,Soror=,Brazil,Indigenous Territory,Y,26257,d870a0c4-d25d-44a2-9c96-054a720fa427,{06B67550-F63E-40AC-AFE2-5BFBE19A6CF8},69486.538205132,265510406.760204
423,Sucuba,Brazil,Indigenous Territory,Y,5983,27f0bc2e-6879-4d79-ae69-bc76ef583f5d,{5DD91504-B195-4719-BC80-A100BD7A2C21},52952.4781439774,60332554.5758725
424,Sucuriy,Brazil,Indigenous Territory,Y,535.1047,b24341ea-e17e-4248-8f4e-9039223355fe,{5255398E-3875-4A73-9202-0580CE0C5C7F},11358.1678649902,6225784.5671904
425,Tabalascada,Brazil,Indigenous Territory,Y,13014.7374,c1c35edd-4edc-451a-b3ad-dbc95386607f,{E31237A0-2687-407F-A526-8D9B8D82C3D2},51309.5612812531,131177490.367865
426,Tabocal,Brazil,Indigenous Territory,Y,906.1516,ef65d025-eb82-4c4e-b053-06b7dcf81ff3,{F7C6A383-341B-45A0-9F37-206A9E773F6E},17020.0575579263,9145320.81143031
427,Tadarimana,Brazil,Indigenous Territory,Y,9785,5149a608-63af-4e53-ae00-a49e8765bc82,{3B7127FE-5ED0-4826-ACD5-159656E232B6},54126.8783931709,104413790.42123
428,Taihantesu,Brazil,Indigenous Territory,Y,5362.3344,aaf8b854-8b09-441a-ad85-8d15e9123b1f,{E8A45179-A631-46CA-9DFC-2C6B03767008},35016.6883100459,56280513.0354056
429,Takuaraty/Yvykuarusu,Brazil,Indigenous Territory,Y,2609.094,6644a1cf-9216-4197-a66f-f1800634466d,{40FB175C-C5CC-48B3-9E8E-78AC9BFF0986},28569.8447144408,30895259.3151111
430,TapirapT/Karajß,Brazil,Indigenous Territory,Y,66166,d90711ae-0a5b-4048-9c27-274f959a3627,{EF4FB8DD-5C92-45F4-9C5B-6DF639FA7457},115058.572255217,688329981.447091
431,Taquaperi,Brazil,Indigenous Reserve,Y,1776.9594,ea0c02e4-25a2-4834-ba43-b53310261358,{09DE8487-A4F7-4B2C-A197-F5839E8C22D7},24965.8602986934,21365654.4972678
432,Taquara,Brazil,Indigenous Territory,Y,9700,945c8c32-dc59-480d-96f2-ab2911154b69,{371067D7-8207-41A4-8B23-92480FC827C4},58312.318583778,115120563.329711
433,Pindoty,Brazil,Indigenous Territory,Y,3294,26532e1e-2d5c-4bc2-b853-10db24b689ee,{32EEB127-EAB0-4E32-A3EC-62138FCE6979},53178.6992291649,41217983.0253518
434,Taunay/Ipegue,Brazil,Indigenous Territory,Y,6461.3459,bdc03aaa-2ba2-49ba-977e-b22d0881ce6d,{25172700-48D8-498F-9271-0A71828F8196},83827.7677430691,387066567.413273
435,Taunay/Ipegue,Brazil,Indigenous Territory,Y,33900,e86e24e2-9675-4d44-8588-840c44c052db,{880DA27A-7F17-4C94-85DE-9026D7B9CAD3},40976.3086570562,100639278.988271
436,Tekohß A±etete,Brazil,Indigenous Reserve,Y,1774.7063,02aaba4a-bfa7-4f05-b2fa-691736db198c,{4D33C37C-9524-43F9-BB7B-4933CF4BD2CE},29108.1048394363,21063218.1745313
437,TembT,Brazil,Indigenous Territory,Y,1075.1881,8728c22a-d1ce-4e76-aec0-8b9895439a22,{68D4BFCF-94BE-41FA-8684-17795EE32C0E},17130.9504089236,10761833.4527849
438,Tenharim do IgarapT Preto,Brazil,Indigenous Territory,Y,87413.1478,d32af0bc-f5f1-4398-84a2-491247fd3e6e,{DC53F401-1820-4C99-A296-6F8BAC7D57FB},173331.464358203,882139255.6298
439,Tenharim Marmelos,Brazil,Indigenous Territory,Y,497521.7497,08af50ae-d911-4719-be0e-27b87107b1a9,{A0266918-7999-4E03-8307-745F48A5DC10},410277.130293892,5123046386.20914
440,Terena Gleba Iriri,Brazil,Indigenous Reserve,Y,30588.8088,504fa097-75f7-4e5d-8872-caf540f0aa9d,{57E82EB9-B7E5-44B3-A688-8AAD9E40E170},119172.868095643,314633652.202261
441,Tereza Cristina,Brazil,Indigenous Reserve,Y,30060,77a08466-e68b-482d-988a-7fb10f91c92e,{7E426035-2B49-4E07-B464-00D310A966E3},132171.597301561,317516438.04412
442,Itixi Mitari,Brazil,Indigenous Territory,Y,182134.7746,cb52accd-7107-4387-8794-f9a0e17b5c89,{91701A10-1523-4F36-85D9-7F71664D7240},296816.577959272,1847237647.85773
443,Tibagy/Mococa,Brazil,Indigenous Territory,Y,859.9098,497d13fc-db3f-4838-bb85-79ea56c88278,{03ACB49F-3604-4592-A4D8-83046DD97CDB},13734.4643438924,10133947.246313
444,Tik·na de Feijoal,Brazil,Indigenous Territory,Y,40948.8,a532e2fb-6ef1-4410-b685-e8db88f7d1d6,{6D776A73-DA9D-41C4-AA08-AF4C0E43D650},127530.365652872,420145634.206065
445,Tingui Bot=,Brazil,Indigenous Reserve,Y,535,8cbf77b9-5e0a-46ea-a472-221c268da97e,{97708276-8B11-4683-9B8C-44F8F89E9C0B},18024.023452677,5545465.42370811
446,Tirecatinga,Brazil,Indigenous Territory,Y,130575.1964,1799ede7-b768-4861-9394-8626c68b7d2c,{A34E2687-C7C4-4D27-9178-1466527AD64A},214385.339232725,1384209398.99208
447,Toldo Chimbangue,Brazil,Indigenous Territory,Y,988.6625,94892d9a-1656-4bef-b7b7-5ce5a22e2bc7,{C8F045E3-5432-4CB5-9ACB-D9A9E59E906D},20430.4224723063,12940203.2947781
448,Toldo Chimbangue II,Brazil,Indigenous Territory,Y,954.0708,7f1910ec-0e2b-4bc1-94cc-ed9b15e876ba,{66D435EA-0004-4173-839B-65119F04CD7C},18282.3276489016,12253332.165747
449,Toldo Imbu,Brazil,Indigenous Territory,Y,1960.6934,a098d5d7-fde6-4326-a136-25a517a59d94,{CA884F2A-13A0-45A2-9CED-81054ACC4121},24800.5457888841,24622493.0904887
450,Torß,Brazil,Indigenous Territory,Y,54960.985,5b723c61-d0b3-4936-8a89-031a882ab6b3,{3ECB5F5D-F206-44EA-87A4-531F9ACD0AAB},114418.465496834,515814194.982129
451,Trincheira,Brazil,Indigenous Territory,Y,1624.6022,f40e0a60-09ff-44fd-a538-a4f55bfbc345,{24B6D6F2-B07B-4D9A-8D3B-EDDF15BBAF59},33014.9244643142,17605736.5754317
452,Trincheira Bacaja,Brazil,Indigenous Territory,Y,1650939.2569,c0302a53-758a-43bb-8ab5-f5f7a87ab46c,{6A8D6FB3-31D7-4458-A8FB-A787EB31A65B},656509.0885637,16767860976.9554
453,Trocarß,Brazil,Indigenous Territory,Y,21722,62251604-ddcf-4f8d-be3e-a57da889c945,{006C7823-7BC4-45E1-BF2E-45F1BA24ACD2},74932.9567729869,218636770.784167
454,Trocarß - Doatpo,Brazil,Dominial Indigenous Area,Y,14.048,2c32e750-8145-4e02-8551-5f0cd6b3886b,{E75FC3F8-9EB1-4294-88C1-DBCB72AB8B22},1813.31009548285,141951.830756947
455,Trombetas/Mapuera,Brazil,Indigenous Territory,Y,3970898.042,cb2d5aa9-eef4-4e08-991b-0f9cbc72fcfa,{81F88A73-C46E-4305-BA67-6618EF34A37F},1567891.17492636,39970433017.5841
456,Truaru,Brazil,Indigenous Territory,Y,5652.841,ba8e2c0f-3aa4-43a2-b036-0c0f2b501629,{63C7E958-43DC-45F8-8152-82AE0440CA63},33977.9989749646,60633265.9144145
457,Trukß,Brazil,Indigenous Territory,Y,1592.8972,d7c5175b-cb6c-4b0c-8d86-a58fdf3fa627,{94582EBC-327A-4F2F-95A7-C22640B48846},20343.1877952547,16540034.2167655
458,Trukß,Brazil,Indigenous Territory,Y,5769,8b978c86-a9f0-457d-9fd2-ed483205914a,{39EDEAF8-E87A-4D86-BC1F-3BA2C8BD2205},45213.7059499556,44591194.5665407
459,Tubarpo Latunde,Brazil,Indigenous Territory,Y,116613.3671,c88189fe-c419-48e7-a488-400d4a19618b,{3ACE0F9D-1A1E-4717-B6F4-BB621DC451E6},188561.678470061,1233496739.75734
460,Tikuna de Santo Antonio,Brazil,Indigenous Territory,Y,1065.2723,b3ec47cc-1199-49b6-9362-8d96924f6b05,{36CF14A5-992B-438B-87DE-1DBA28CFA886},15248.8634767761,10797450.6124731
461,Tukuna Porto Espiritual,Brazil,Indigenous Territory,Y,2839.3483,b3cc4e33-d630-40bf-81aa-4d9e495910ad,{A60F621F-C970-42B3-A0A7-819CF40ECD94},41244.6718418624,30029955.024105
462,Tukuna Umariatu,Brazil,Indigenous Territory,Y,4854.9989,3b6052b9-7359-4124-8305-5bdbc8b40335,{FE943A66-720C-43FC-976C-13DF2E7752C5},40056.2927638501,49143319.790703
463,Tumip,Brazil,Indigenous Territory,Y,124357.4172,6c2bb51e-322f-415f-87ed-64ede90a9d78,{D8854A7F-3BD3-4635-9D00-97B060F3B73E},254552.288730752,1275009116.55714
464,Tupp-SupT,Brazil,Indigenous Territory,Y,8589.5101,6dd5ee81-5d66-4c04-a4ed-9a13621b89b9,{371AD287-C463-4F69-A2F0-F956F2FAE37C},44694.3273873196,86689784.3748842
465,TurT/Mariquita,Brazil,Indigenous Territory,Y,146.9798,b22478ea-4f92-484d-8de2-5527e654bfef,{8B1F61AE-C039-4E4B-81E1-E9E99E040A70},6162.66033508874,1498927.1256786
466,TurT/Mariquita II,Brazil,Indigenous Reserve,Y,593.5563,7d05ba27-d04f-4b5f-b5cd-0e0e078e0991,{410559B5-C05B-4AD2-8769-458D37146999},10115.3634996275,6075562.24321324
467,Tuxß,Brazil,Indigenous Reserve,Y,0,cde23509-0f17-4a71-a8f6-a3672fe47a95,{E13ED193-CB33-46C2-923D-B245DAFD1AAF},31357.8240857841,78164842.7479904
468,Uata,Brazil,Indigenous Territory,Y,470164.0636,2969602c-f1f8-4387-97e8-44478aa1fbf5,{BB8DE182-2333-4E44-8242-7018C9C18684},279670.500757109,4750567889.86508
469,Uati-Paranß,Brazil,Indigenous Territory,Y,127199.0612,a19ea408-d707-4fb0-adbf-ff6a04e0c2a0,{14C967E7-5F4E-48C5-A6E4-3A88F7345C3D},240860.090822965,1302986329.52584
470,Uirapuru,Brazil,Indigenous Territory,Y,21680,6a58cd8b-057b-4436-8bd8-749d37f71072,{D0CBEF62-7BA7-4A4A-8EBF-E221D48011EF},100073.669897875,232185566.15796
471,Umutina,Brazil,Indigenous Territory,Y,28120,db7cb3ff-6c58-4b3f-a175-613d3c6c85df,{889A292A-F461-449C-AC3E-5B7BBB0D8554},130075.290826146,297635006.570534
472,Uneiuxi,Brazil,Indigenous Territory,Y,403182.8081,a1c5dd66-410a-475e-953f-0901901a370a,{3EE94795-53CE-4A67-A079-BD855E42FC7C},569039.520596108,4046305755.87455
473,Uneiuxi,Brazil,Indigenous Territory,Y,554730.4117,338dffb5-fcf6-4d0f-b54c-aa2c3e835dd7,{27E1A167-43B7-4921-84AC-212E7CFE1043},546725.907744297,5555521968.29265
474,Uru-Eu-Wau-Wau,Brazil,Indigenous Territory,Y,1867117.8,cc53aa0f-1961-4793-a5ad-d69fd11bdbd8,{44BE84F2-E74E-4A01-8DE6-835858CCBE8A},905753.640928108,19547182774.8904
475,Urubu Branco,Brazil,Indigenous Territory,Y,167533.3271,eb5698b9-c465-4a8e-bc2c-ab3a9e44b6ee,{01B44109-679B-47DC-A685-F1C5B8D436AC},212797.015408609,1747481554.28033
476,Urucu/Juruß,Brazil,Indigenous Territory,Y,12697.0441,266e9c07-cd54-410c-adf0-bd9f1ce23067,{5013F802-C0B3-4C47-83AA-5467C1026573},53335.1653783397,129484156.995853
477,Utiariti,Brazil,Indigenous Territory,Y,412304.1958,849dc262-9fa0-491f-9cc6-afa3bbf8e1c8,{37F356E3-43A1-408E-982E-8B04CABD3446},460081.587402893,4365605195.57125
478,Vale do GuaporT,Brazil,Indigenous Territory,Y,242593,3714acba-2670-4425-a86e-c77b226a25c3,{E952E760-7042-4AF4-BA92-AB7BBA4F9B71},633328.912813676,2565684237.10482
479,Vale do Javari,Brazil,Indigenous Territory,Y,8544482.2728,bae0b3f7-0569-4809-a427-840f049171d8,{BC847E9B-0909-4A0F-8DB0-C0EF57357638},2070294.78807769,86818382975.3063
480,Vanuire,Brazil,Indigenous Territory,Y,708.9304,b6283bec-d9a6-4de4-a46f-3f931955081b,{FAB874D0-2A52-4EE9-A44B-40ECEADBE138},19053.5543102562,8306656.35653441
481,Vargem Alegre,Brazil,Indigenous Reserve,Y,981.0815,9725ef06-f4cb-430f-b4b6-67b3a74d6e02,{D90EB2C3-96E2-4FC3-90AD-CFCF2B5CAA77},14229.8194928958,10428500.5088925
482,Varzinha,Brazil,Indigenous Territory,Y,776.2761,2febcb19-7ae3-445f-823d-f07ea04a9258,{03E8A509-3137-46C0-9CFC-463022214964},17621.8569203534,10333864.2306763
483,Ventarra,Brazil,Indigenous Territory,Y,772.9532,286537dc-9b9f-4b1c-b18c-3492c0c15dc8,{7D90C7AC-0A6F-4E0E-9F1C-4AD4B17B9A1C},13297.6950293779,9921327.57175755
484,Votouro,Brazil,Indigenous Territory,Y,3341.0977,090a63ff-6a2f-426f-8851-b1f30cb0d3e7,{C36D9C07-546A-421B-A06E-55C096F5395F},83447.7214196944,76190474.5506538
485,Vui-Uata-In,Brazil,Indigenous Territory,Y,121198.5999,bbe5d643-75e7-4a24-9c75-9262a141e428,{F513A32F-3510-4C3E-B1C4-50AA80323526},193599.543219076,1228695681.79319
486,Waippi,Brazil,Indigenous Territory,Y,607017.2404,d448a572-747f-4f6f-bcae-a9ab96aeb971,{FEF3FE72-3208-4392-9373-9A1EE35D2A51},492307.726669592,6088358900.27101
487,Waimiri-Atroari,Brazil,Indigenous Territory,Y,2585911.5689,20e8fb9b-c6ce-4d9d-b322-30cc0b964f6d,{249F667A-3F91-4ADE-96CD-14E5A4F9DEE1},955313.590805809,26079432915.2873
488,WaiWßi,Brazil,Indigenous Territory,Y,405698.0085,16ab4b63-bcd6-4781-a38d-d3ba6aa36908,{A80A98F8-90F0-4170-ABD2-FE601CD4ED4B},309640.322401191,4075790700.79563
489,Wawi,Brazil,Indigenous Territory,Y,150329.1865,04ac03e2-aa6f-48ac-bc57-75c24df9e466,{B7E90179-BAAB-4A16-8D4A-79C7FD4738AB},226041.034384189,1574905148.51191
490,Xacriabß,Brazil,Indigenous Territory,Y,46415.9242,60cd40de-a8d0-49d6-8358-8c8914acd23e,{008C418C-6B36-4F1A-AD04-C36CDC28B7BF},103289.645436567,497707909.745839
491,Xakriabß Rancharia,Brazil,Indigenous Territory,Y,6798.3817,465ba496-deeb-4f62-85fa-1ee05a3ee9f5,{3959DCC6-26F7-4C54-A877-6F676E134155},37779.7518356923,73206265.2586702
492,Xambioß,Brazil,Indigenous Territory,Y,3326.3502,4ce92ff8-fc80-4bad-8737-3160fdabe690,{BCD6BE5B-66C8-4637-9506-723295EC1C10},26849.6152056437,34126820.8587477
493,Xapec=,Brazil,Indigenous Territory,Y,15623.9581,64c66f47-0bdb-4955-ad83-a0d9a7426eaf,{E41CF965-EC63-4AB9-8764-DEC5391BFFB3},113499.952270003,196227914.119226
494,Xerente,Brazil,Indigenous Territory,Y,167542.1058,9762b5cc-f19e-4a8f-90d9-df5f124f1583,{A40C5E15-8497-4D07-BCFA-E789967DE0DC},242921.248113106,1773415911.61997
495,Xikrin do Rio Catete,Brazil,Indigenous Territory,Y,439150.5452,8a8eff5b-ee75-4df9-b6d5-2e55df721785,{CC8B95AA-9F50-495E-9F24-08736A606D12},355625.824314246,4443459536.12769
496,Xipaya,Brazil,Indigenous Territory,Y,178723.0238,0de73091-b185-4015-a223-09ed8cbf7bfd,{1021A092-D1D8-4BCE-820D-6BB7DD4DFFE8},253876.673657942,1813487369.61891
497,Xukuru-Kariri,Brazil,Indigenous Territory,Y,7073,864ac17c-d223-4a7e-b25b-1511df32e848,{69CFE165-DFDC-4283-8F2F-CE362A7F020C},49326.717248337,73065875.8749354
498,Xukuru,Brazil,Indigenous Territory,Y,27555.0583,e304eced-07b5-4916-8acd-bd46acbb725c,{531372E5-8B2F-4B03-994F-E3F2A1E2DFA0},84363.8502134368,285489411.025489
499,Yanomami,Brazil,Indigenous Territory,Y,9664975.48,7832dda7-88ea-473c-8660-f6a490e96062,{F8A61631-B092-42BD-9E14-AF743C4C90C5},3425969.12414224,96444086361.8879
500,Zoe,Brazil,Indigenous Territory,Y,668565.6283,d72a3b2c-28aa-46b3-87b9-b754f9d8e0fc,{8FA7A8D5-E20B-4CF3-8967-2693BF9418A1},480001.735225088,6733240975.80351
501,Zor=,Brazil,Indigenous Territory,Y,355789.5492,f59e88d9-9d84-404f-8f87-10c6bd7a4200,{3B10B5B0-B296-4528-9E60-79A5C268E0BE},327742.905218828,3693044387.83757
502,Zuruahp,Brazil,Indigenous Territory,Y,239069.7403,639a1f7d-fedb-41c2-9ae8-fc5018f99e32,{C0D87252-67F6-4566-95FF-007DDC05444A},328537.613434554,2432002034.11027
503,Riozinho do Alto Envira,Brazil,Indigenous Territory,Y,260972.03,7f039333-21b9-4a22-800e-7ae425145c93,{20410361-BEB6-47C7-9380-6149F9BA4741},427488.431504348,2702009373.03101
504,Sapotal,Brazil,Indigenous Territory,Y,1264.4661,bf94213c-a778-4994-86bd-f32a4ba301b2,{D6DBAFF0-AAFF-401C-A75B-95EFDCCD3BE6},16358.7688731484,12807785.8483804
505,Anaro,Brazil,Indigenous Territory,Y,30473.9506,374c5cc1-96b7-4c15-8f44-1d821e74ed03,{23D3905E-5972-4CFC-8D4C-44F2CA1FDD95},89888.2204820996,308059680.069535
506,Arara do Rio Amonia,Brazil,Indigenous Territory,Y,20534.2205,aef6b05c-10e4-44f4-9f4c-e5d19cba62c0,{14CF8966-D748-41CD-9B2A-44A2EDDE0A3D},81355.9178273249,214194069.180667
507,Barro Alto,Brazil,Indigenous Territory,Y,1937.1679,a3833d1e-ff25-420c-a9f2-70494170b1c7,{B05DBFF4-5579-46E7-B6C3-430DD0885E57},33939.4753079972,19556593.8620418
508,Batelpo,Brazil,Indigenous Territory,Y,117050,7f603ae6-52ec-4303-9baf-0f7001a91282,{45ADB46D-2649-48A2-B9C6-04F5DDE06D8D},228764.766914225,1224436892.54896
509,Apurinp do IgarapT Mucuim,Brazil,Indigenous Territory,Y,73350.6121,c605a395-51b2-4c8c-94b2-bce666a5c333,{FD115026-340C-49E3-8DAE-31D26821FCE9},129066.368686713,749785508.672513
510,Lago  do Correio,Brazil,Indigenous Territory,Y,13209.7815,32c70cd8-cc6a-4897-a0c1-8f7796afdd01,{6E8A80F3-6717-4BD7-89D8-82476784B59F},58481.2857122681,133440191.926104
511,Guanabara,Brazil,Indigenous Territory,Y,15600,e21777d5-dced-407d-a5af-b6f4e65bb678,{62491A9A-7781-41EB-82FD-D9C38BB814CC},103719.951064635,158165913.616179
512,Ponciano,Brazil,Indigenous Territory,Y,4329,6a6b182f-e3f9-4a79-8c42-1c5a1e00c9fb,{C159B19A-3013-4B0D-A518-B2CB58DA7E21},38820.4754455518,43697052.8062005
513,Prosperidade,Brazil,Indigenous Territory,Y,5572.8552,4950a084-629a-480f-913b-391f007c215b,{5D427892-6CEF-4335-8EF8-9793F70D2F36},50414.6076713787,56200672.7217036
514,Santa Cruz da Nova Alianta,Brazil,Indigenous Territory,Y,5969.2201,91f54362-6dd6-4ae7-ba7b-b36061374b06,{A722C552-70E3-4AA4-8DA4-889A44931312},55023.6344185279,60252546.7108743
515,Mato Preto,Brazil,Indigenous Territory,Y,4230,032e182e-9d1e-4cd1-aea6-43133b449a8c,{ACBDB0CA-662B-481A-836A-0589C4B0BFE7},34455.1976341583,54301117.7888979
516,Sururuß,Brazil,Indigenous Territory,Y,36125,4ab4d38f-7963-4f24-8faf-b512c3875028,{D04E7A1F-59AD-44EC-B025-F34BE6A5240D},123238.133110179,366164303.447668
517,Votouro/Kandoia,Brazil,Indigenous Territory,Y,5977,7dfa689d-ed6e-435d-8f7d-4f078ecb786c,{C4D229F0-1C8F-41EC-8F98-6BD609B6D669},29495.8067287205,42848224.8439882
518,Vista Alegre,Brazil,Indigenous Territory,Y,13206,c10dd0c3-5aad-4649-8aa3-679650b099e8,{805C0E4C-B938-4CE7-84A7-E25728FFAAA8},75857.6074245303,133176210.505539
519,Tapeba,Brazil,Indigenous Territory,Y,5838,f41571ca-d5dc-4b9f-862f-7178f6112c24,{01D7A29D-EE63-4ED3-9178-E344F316EDED},88384.8531619344,57031946.8046029
520,Sombrerito,Brazil,Indigenous Territory,Y,12608,dd98ddb5-1329-46f5-9521-83a078294739,{0937D167-C4AE-4D6D-A2D1-33AAD63AD3EA},64169.4732293622,151237237.480412
521,Mar=,Brazil,Indigenous Territory,Y,42373,0f633c8e-6c03-4629-8600-8f28ef829c1e,{693D6E24-25F2-45FB-9CC7-710F74A06DFE},131499.898147364,427739287.134446
522,Pequizal do Naruv(tu,Brazil,Indigenous Territory,Y,27980,e70c19ef-e7a8-4c8b-b13d-ab25638ce323,{68569A1B-E6F6-4027-8F2B-C48AB59C65B8},100667.276141705,295200343.669114
523,Tupinambß de Oliventa,Brazil,Indigenous Territory,Y,47376,de964697-6f34-49fa-ac7d-f4b038e921ad,{519815FD-A096-42A0-990C-D81BB207614D},154245.215117145,511274338.167803
524,Las Casas,Brazil,Indigenous Territory,Y,21344.7011,dd0aa804-6183-4ebd-b37c-fd9e7219a1f0,{80DA6A71-7576-43AB-8DDB-41A5A727047F},66397.4832648926,219031295.364582
525,Porto Limoeiro,Brazil,Indigenous Territory,Y,4587.7205,e9fe31a3-58d8-4dcc-8d3d-616a9d4dac20,{856A9E67-1AC8-444D-9213-AE277BC4BE5B},38158.2529181337,50438220.4480879
526,Munduruku-Taquara,Brazil,Indigenous Territory,Y,25323,27e7fcf0-1047-4ff2-a4b1-5156d0130ad1,{ABAD5B4C-7590-43A6-B283-5B6E8419BB65},92445.5442401019,255654772.344015
527,Spo Marcos - MT,Brazil,Indigenous Reserve,Y,188478.26,5d78cc1f-2855-4d69-8ed3-b409b29ea30c,{C167EB81-7CA3-4F5E-B729-E2067CFDDD01},266642.041282787,1881866933.04655
528,Spo Domingos do Jacapari e Estatpo,Brazil,Indigenous Territory,Y,134781.7512,10aaa4ac-0c93-4912-b3b6-c461f84d4ca2,{4CE63B0D-554F-49C2-B987-BC84BFB144FB},164773.621141689,1360111580.97816
529,Spo Domingos - MT,Brazil,Indigenous Territory,Y,5704.8096,14b3a4c6-b6f8-432b-b690-5f8f70131244,{75300360-3D20-4DEC-8172-381B17E1C9E0},66504.5457025909,66377644.5334837
530,Spo Marcos - RR,Brazil,Indigenous Territory,Y,654110.0998,38fde50e-1784-4bea-ac58-c00d23f31a1a,{251F72AA-160E-472F-996E-1CF1C0C0E8BD},665694.171732531,6584918618.85677
531,Boa Vista - AM,Brazil,Indigenous Territory,Y,337.3562,4a4d9a05-a7cf-4777-8427-6d5a6a78864b,{34C0FDBC-AC26-41E5-8AC3-8BDDA88852C5},23339.4557131465,3406002.73983149
532,Boa Vista - PR,Brazil,Indigenous Territory,Y,7336.3308,d1e8dc6c-6257-421e-955a-341007b61381,{8783106B-C419-40EA-B55B-0A6EA1051C81},67681.0688945427,90048041.6571094
533,Cacique Fontoura,Brazil,Indigenous Territory,Y,32304.7226,6f41a5e6-d0a2-4c74-993c-6516c2087650,{5ECB02BF-96CE-42DB-B633-52DFECA9715F},119706.23117376,338434855.698837
534,Barreirinha,Brazil,Indigenous Territory,Y,2373.8,42a0680e-49e1-46c5-8307-e1dca502eac7,{9D9400B4-926E-46DB-B405-0D0BA3994AD5},31170.6214876559,23927439.3375768
535,Sarauß,Brazil,Indigenous Territory,Y,18610.323,e6bb2f6b-3465-4875-9ae6-7277048ba03a,{E77BDE29-89B6-448C-A3A6-A3AC070BF6A4},88187.2115476522,187635178.530028
536,Portal do Encantado,Brazil,Indigenous Territory,Y,43057,ab878820-2388-46e7-a2f8-32061bdc3158,{2386FD6A-D55E-4D8C-8681-38F82F04F7F5},126366.003561141,468896899.390368
537,Tarump,Brazil,Indigenous Territory,Y,2172,3a9f97eb-0b6c-4c16-8a40-a751232938ed,{AEAC2AE7-F634-4EA1-8BD5-EA14790B9418},26947.3298451188,27196634.0068429
538,Tumbalalß,Brazil,Indigenous Territory,Y,44978,f0794613-0c32-436b-867f-3605af1346ab,{8D1280DC-B875-4065-93CA-830EC2ABDAA9},118744.151723573,463552817.350028
539,Caieiras Velha II,Brazil,Indigenous Territory,Y,57.3935,df580010-37c2-414f-be05-0ce707baec21,{30CF5AA9-8AE2-49F7-AAE9-7E2696793132},3250.70835543995,653121.199786185
540,CuT CuT/ Marabitanas,Brazil,Indigenous Territory,Y,808645,c654c1c3-572a-4091-a926-4065cda3b18f,{5CE14FC3-7AF5-48F9-AF3F-0F266C120B90},522246.972739904,8137976064.22987
541,Arara da Volta Grande do Xingu,Brazil,Indigenous Territory,Y,25524.931,1b58e7db-1ae9-4ccb-a127-b62771596ebb,{2C451E42-5FCA-4225-B781-803B7FD148EB},103007.126847855,257872996.408292
542,Caxix=,Brazil,Indigenous Territory,Y,0,60ae649a-e20f-4064-bd58-b72f6465db80,{69960C8C-BD85-4527-9D6F-7324DF6DBACC},45777.7204505682,61152204.7760997
543,Kawahiva do Rio Pardo,Brazil,Indigenous Territory,Y,411848,2c2a4fa5-98c5-4ab1-ba6a-e3c8d2ae5ecf,{78139401-0B4D-486A-A9E2-BF1EA4E90F41},326833.119372239,4236528919.33705
544,Krah=-Kanela,Brazil,Indigenous Reserve,Y,7612.7653,a4358b7b-bf88-4d12-8822-e8c96e732137,{20421B6B-579C-486A-A685-25F19EAB06E7},54290.7053755175,80401012.361519
545,Utaria Wyhyna/Ir=du Irana,Brazil,Indigenous Territory,Y,177466,f85c283c-f868-4819-8d64-efd57fe8de92,{52C899F5-6C08-4B17-B364-74490CB4799A},337245.286225633,1844524017.03043
546,Braganta-Marituba,Brazil,Indigenous Territory,Y,13515,f3b0eb01-504c-496f-b16a-f249f713b483,{1ECF42C7-78D1-4AE1-9AF5-67B3E7CCDBC8},83108.230484746,136392670.44921
547,Tenharim Marmelos (Gleba B),Brazil,Indigenous Territory,Y,474741.6023,45023a4c-91ab-4439-883a-a3aba1c97984,{4C8ACD4D-391A-418B-BE6F-5C020AEBC807},402629.065600144,7428860260.10066
548,Tuwa Apekuokawera,Brazil,Indigenous Territory,Y,11764,9a959134-23ff-421c-ac2c-4e02de422460,{144864CE-AE2B-42FE-8186-031C5F7180D0},64518.0246332398,119621064.644578
549,Yvyporp Laranjinha,Brazil,Indigenous Territory,Y,1238,7afdb0ee-0c7d-4a8d-b050-07ab6747192c,{C139C58A-0972-48E6-8DC9-6F62032E428A},17558.8891429218,14764892.5551095
550,TremembT de Queimadas,Brazil,Indigenous Territory,Y,767,7dff3c81-c3db-428e-b3c0-bf2979188e61,{5AC69D59-EBBF-4692-B098-4592C450798C},16164.5829279858,7747389.02541593
551,Panambi - Lagoa Rica,Brazil,Indigenous Territory,Y,12196,1227aec2-fffe-4162-88aa-4ac2d711b143,{8C69E3CA-0C3D-4F49-8A31-501A37273E2F},68603.4704745938,142411619.477891
552,Xapec= (Pinhalzinho-Canhadpo),Brazil,Indigenous Territory,Y,660,6b021c57-828f-47c6-8392-0749539e79e5,{CF56074A-FD06-4E06-9237-522845F6D9B5},26041.4465993308,8333207.66100991
553,Passo Grande do Rio Forquilha,Brazil,Indigenous Territory,Y,1916,418db3bb-ff22-4bdb-9725-6740bb595c32,{6934865D-5663-4662-8A46-574853856AF1},32786.1722891665,24631225.5958976
554,Maracaxi,Brazil,Indigenous Territory,Y,720,d921f6a2-46ba-4828-8eed-856bb8412b52,{4B4CA22F-D083-4D18-92CF-9E1C2A8CCF97},12605.1638925906,7242064.08619895
555,Tekoha Itamarp,Brazil,Indigenous Reserve,Y,242,15be962d-b7be-4a40-a81a-bd8a03e0860a,{56552B83-E9FC-4A16-A77F-DD23CAD6328A},34716.2854859478,95830256.0672372
556,Hpm Yexux,Brazil,Indigenous Reserve,Y,522.72,9c22c572-330d-4d49-a28f-401ca038898e,{99BF3DB8-C0A9-4780-BAFE-1C423ADEB376},15299.2181854453,5780492.8198221
557,KrenrehT,Brazil,Indigenous Reserve,Y,6400,e74337ef-fb89-43a0-a7c3-cfb604368359,{54D9C2D9-F7E0-49D7-818A-68610FC36E80},52880.3905676598,62451275.5213066
558,Jacare·ba/Katauixi (restritpo uso),Brazil,Indigenous Territory,Y,0,ce443f64-3071-423f-ac6f-ad1e1b3f26ac,{A2BE066F-D98B-4A9E-95D2-85DA93DC4CCB},578038.639115429,6259379879.15162
559,Mundo Verde/Cachoeirinha,Brazil,Indigenous Reserve,Y,606.1916,be30b0c2-70bf-496c-ab97-7b3784306527,{D2B914EA-01C2-465D-A290-BDE3C7CE098A},11922.5890505376,6701713.54130172
560,Tanaru ( restritpo de uso ),Brazil,Indigenous Territory,Y,0,09f335a4-7ba8-4fb6-95c2-7f2b03b5e088,{758BD102-B38D-43C4-847C-644E09362E06},51608.9579022969,85282505.5463858
561,Piripkura ( restritpo de uso ),Brazil,Indigenous Territory,Y,0,f299a805-5574-4ee5-bb47-b9146eedbfe0,{F3EE832D-620A-4A9A-9036-DA785506ACE8},288760.486000131,2510422274.13248
562,Ilhas da Tapera/Spo FTlix/Porto,Brazil,Indigenous Reserve,Y,0,07333b50-2a85-4f98-b0c8-6e815b8b726a,{372E88A5-3235-4922-91F2-0B592FD725BA},31369.3036939305,78226548.4128549
563,Apiakß do Pontal e Isolados,Brazil,Indigenous Territory,Y,982324,230b8a50-2985-4f3a-98cf-1760539b79e6,{EF24E05E-4E08-4AA0-AADD-30A4CE43FEBB},715945.017940377,10106921608.5344
564,Tupinambß de Belmonte,Brazil,Indigenous Territory,Y,0,5c88dd21-8c0c-44ad-a5ee-8d65eacb708c,{9989CE17-2645-4B73-8F27-76634F68EBDD},52607.8231099866,103658833.856874
565,Sissafma,Brazil,Indigenous Territory,Y,8700,c87cbb50-1d9e-4cfd-9eaf-0a3a95ea3104,{9860B30E-258F-42BD-A920-64C3233426D5},75227.078962628,88624487.679562
566,Fazenda Remanso,Brazil,Indigenous Reserve,Y,336.9518,86b2fe7e-1624-4ff3-a393-167457971195,{6F6F3B5A-7AFE-4CE7-A1CF-70E01BDACA8D},16220.8882765923,3533651.67101473
567,Fazenda Sftio,Brazil,Indigenous Reserve,Y,414,89a7892c-4298-4380-a3ef-02b1f1f93902,{81948D2A-F807-4C24-A875-405B9418E3D1},13074.2256645679,4268209.94545817
568,Xukuru de Cimbres,Brazil,Indigenous Reserve,Y,1166.1793,a64d65e9-15ca-4975-92fb-56d23893a9f8,{7E930C7E-46C8-447C-BFDB-0B29E225097D},17413.4246924807,11987379.7549516
569,TremembT da Barra do Munda·,Brazil,Indigenous Territory,Y,3580,46e972e7-0baf-4c7c-97ff-6913b5263bd4,{7EE00902-A198-45DC-9C0B-C7BFDD830208},31746.1521533392,36176010.8732721
570,Coroa Vermelha - Gleba C,Brazil,Indigenous Reserve,Y,0,e5418b58-f8f0-4247-b2cb-f7b2503484c9,{2FC6092B-2D16-4923-B951-E4E1B769711F},32322.7253700263,83053716.6766289
571,Campo Bonito,Brazil,Indigenous Reserve,Y,0,51e79380-4ce5-40a9-a7a5-5e7ec3e28629,{E5B25548-783E-45AE-BD01-19CDD78F64FE},45070.6009801622,161519985.572904
572,Estrada do Mar,Brazil,Indigenous Reserve,Y,0,d1c63cc6-ac37-43ff-920d-1585f53f7ebb,{C7EBB89B-434F-4EBA-938E-548C6385A41F},45299.3075042423,163163264.146466
573,Riozinho - RS,Brazil,Indigenous Reserve,Y,0,2d8b8f15-b475-4284-bb5c-c411cc67e4c6,{FF08E504-5962-4737-AC05-B31C854B941B},45183.7565434641,162331829.017142
574,Ituna/Itata (restritpo de uso),Brazil,Indigenous Territory,Y,0,28627c95-d603-405b-99aa-f50bf39648df,{B4839A98-32A8-47AD-901B-13707ECDE2C7},211119.095465065,1386132381.45508
575,Canelinha,Brazil,Indigenous Reserve,Y,0,f8ef4cc6-2d1a-4211-9177-7d0f7a65295b,{801786B0-FC36-460E-97CC-E91D4C4DE837},44180.351916827,155202528.049931
576,-guas Claras,Brazil,Indigenous Reserve,Y,0,096519eb-1442-46e9-8f79-6cc05c3655fe,{16BD34F7-8E08-4394-BDCB-A88652A01C3A},44217.3745639414,155462707.509125
577,Amaral/Tekoß Kuriy,Brazil,Indigenous Reserve,Y,0,fdace4e9-7548-4067-9250-4f93451030fa,{5AE09EED-00B2-4790-9A39-034C072B0898},44226.3833678402,155526099.989716
578,Morro da Palha,Brazil,Indigenous Reserve,Y,0,edd1ba92-d12f-4b3b-baa6-f1709e80a6a5,{B5B46394-C077-4F73-8B0C-569684067BCF},29329.6452617978,68399698.2920625
579,Taego +wa,Brazil,Indigenous Territory,Y,29000,c0ad5a66-7161-41f8-a06c-4a437ef8b5a3,{EF33AC6F-28FD-4180-91DC-FC8AA24D735F},100858.855494181,305799076.265903
580,WedezT,Brazil,Indigenous Territory,Y,145881,6cd38897-18e5-4840-a464-a98568a0343f,{747C4C2D-FEAF-4F05-BD9C-5153A2F95F2E},259941.393534279,1553987692.49499
581,Iguatemipegua I,Brazil,Indigenous Territory,Y,41571,ed017351-2a3f-4dbd-9afb-b1381c89feaa,{E8F49505-917A-4CE7-97F9-6485AC5EACAA},143618.483570216,495741473.945235
582,Pirititi,Brazil,Interdicted,Y,43404,9025d129-9f9f-4f9d-b05f-b141abe4ce09,{8F7CCE47-A31D-4E44-A15C-63CCCBAADFAF},185725.114988083,436412954.960954
583,Wassu-Cocal,Brazil,Indigenous Territory,Y,11842,e0226a9d-8a24-4768-ab60-e55fa58d7daa,{026254BA-4E1D-437B-9F94-E45530A1B144},74155.4991079959,121572077.269534
584,Chpo Preto,Brazil,Indigenous Territory,Y,12741.8456,09312366-fe55-4132-8411-eb050bcb035a,{8BE8EBFB-0484-4003-8695-F4032B5DB2F1},66817.1852115365,136165752.365534
585,Parabubure,Brazil,Indigenous Territory,Y,224447.3367,7686b248-ac41-483f-92e3-fc3e94d6da0b,{3F1E8258-BFE5-4243-BCFE-E232D4D50629},304855.666016552,2411907840.4421
586,Ubawawe,Brazil,Indigenous Territory,Y,52234.4773,0b2ad217-36ca-41b3-9b13-e148aebd65ae,{580D7772-DA2D-4071-B6DB-BA2A706179C1},123867.399396501,557444003.603518
587,OfayT-Xavante,Brazil,Indigenous Reserve,Y,484,63a771e5-db87-4b6d-88d7-4254ff8bb3ef,{EC6BE3C1-EC6A-4E1B-B74D-15BD627482B9},20296.2420346223,22429889.7373581
